,Year,Province,Sex,Age_group,Arthritis,Asthma,Obese,Overweight,Pulmonary_disease,Current_smoker_daily,Current_smoker_occasional,Diabetes,Heavy_drinking,High_blood_pressure,Life_satisfaction_satisfied,Mood_disorder,Perceived_health_poor,Perceived_health_good,Perceived_life_stress,Perceived_mental_health_poor,Perceived_mental_health_good,Sense_belonging_community,J_L_R_Dissatisfied,J_L_R_Going_to_school,J_L_R_not_worked_last_year,J_L_R_Never_worked,J_L_R_Other_reasons,J_L_R_Own_illness_disability,J_L_R_Permanent_layoff,J_L_R_Personal_family_reasons,J_L_R_Retired,J_L_R_Temporary_layoff
0,2017,Alberta,Females,1,14300.0,50600.0,82500.0,112700.0,,43900.0,82600.0,6800.0,128800.0,,493900.0,72300.0,35200.0,359700.0,122700.0,52700.0,325300.0,335600.0,5000.0,37700.0,24600.0,103400.0,1700.0,,23500.0,1500.0,,
1,2017,Alberta,Females,2,44600.0,39500.0,133000.0,112300.0,7900.0,50900.0,58000.0,15400.0,79600.0,40800.0,414500.0,54200.0,34800.0,288700.0,101900.0,26700.0,307100.0,286400.0,10500.0,7300.0,242200.0,66600.0,11200.0,7500.0,58600.0,23100.0,,
2,2017,Alberta,Females,3,127600.0,24800.0,112400.0,112000.0,16100.0,42000.0,49400.0,45300.0,35100.0,79500.0,344900.0,54300.0,51500.0,223500.0,78700.0,26200.0,265200.0,258600.0,3300.0,,153900.0,14100.0,,4600.0,17400.0,,7600.0,
3,2017,Alberta,Females,4,147900.0,17900.0,66800.0,91600.0,20200.0,22700.0,28900.0,40000.0,13500.0,125900.0,219200.0,25700.0,49600.0,137600.0,36400.0,9200.0,185800.0,187300.0,,,392700.0,49000.0,,,6500.0,,10000.0,
4,2017,Alberta,Males,1,11700.0,51800.0,124000.0,172400.0,,69400.0,138500.0,,187400.0,14000.0,505900.0,41300.0,32400.0,381900.0,95700.0,43600.0,370100.0,328800.0,9000.0,41600.0,30600.0,105000.0,,,31000.0,,,
5,2017,Alberta,Males,2,58700.0,29100.0,170900.0,187200.0,,75000.0,103700.0,15000.0,131100.0,62400.0,432000.0,28000.0,28600.0,305200.0,98900.0,27600.0,339400.0,317900.0,7200.0,7700.0,94200.0,22600.0,6700.0,7200.0,72900.0,,,3200.0
6,2017,Alberta,Males,3,104300.0,24000.0,144200.0,176800.0,18100.0,79600.0,98500.0,66100.0,83900.0,118800.0,358300.0,37900.0,67800.0,235200.0,105600.0,31400.0,288100.0,273200.0,1500.0,,101300.0,5500.0,,1800.0,23600.0,,7000.0,
7,2017,Alberta,Males,4,103300.0,13300.0,64000.0,93900.0,18600.0,16700.0,20800.0,52700.0,23600.0,101100.0,190200.0,14400.0,51900.0,109000.0,32000.0,13000.0,143100.0,164300.0,,,319800.0,12100.0,,,7500.0,,11200.0,
8,2017,British Columbia,Females,1,12200.0,31600.0,55600.0,137300.0,,28900.0,57800.0,,122300.0,,500800.0,77100.0,40500.0,373700.0,134000.0,54700.0,319000.0,335100.0,5100.0,36100.0,22800.0,99600.0,3800.0,1600.0,24600.0,,,
9,2017,British Columbia,Females,2,35200.0,49200.0,96300.0,106200.0,,32100.0,46600.0,,64400.0,32700.0,440400.0,62700.0,48200.0,319900.0,134500.0,41500.0,317200.0,353600.0,9700.0,9800.0,236400.0,76000.0,10200.0,8600.0,40800.0,27700.0,,
10,2017,British Columbia,Females,3,147500.0,47000.0,123100.0,154400.0,17000.0,43500.0,57000.0,29700.0,68100.0,106100.0,430600.0,79300.0,99400.0,266600.0,114700.0,60200.0,302200.0,341600.0,,,219500.0,30900.0,,6500.0,15800.0,,18400.0,
11,2017,British Columbia,Females,4,211600.0,40100.0,91800.0,133400.0,40600.0,22600.0,29700.0,53700.0,14900.0,181900.0,358200.0,40400.0,102300.0,202800.0,62400.0,24000.0,278800.0,318200.0,,,677200.0,78700.0,,,4800.0,,11600.0,
12,2017,British Columbia,Males,1,19000.0,39800.0,72500.0,184900.0,,58800.0,114000.0,,187700.0,12600.0,505600.0,34500.0,34400.0,374500.0,131700.0,42900.0,388700.0,327700.0,9200.0,52000.0,28900.0,124000.0,,,29400.0,,,
13,2017,British Columbia,Males,2,31300.0,21400.0,112700.0,191900.0,,61700.0,84000.0,13800.0,110000.0,42900.0,413200.0,46200.0,48100.0,268100.0,115200.0,38900.0,313500.0,299300.0,12100.0,12500.0,113400.0,32100.0,10300.0,8300.0,50200.0,2300.0,,3800.0
14,2017,British Columbia,Males,3,122100.0,20600.0,135900.0,187200.0,11600.0,72700.0,107500.0,55900.0,101400.0,125800.0,410600.0,33000.0,67800.0,256300.0,119800.0,36300.0,338400.0,337700.0,,,162000.0,12700.0,,4500.0,17300.0,,16000.0,
15,2017,British Columbia,Males,4,142900.0,17600.0,90100.0,150000.0,28700.0,27700.0,37700.0,72600.0,46100.0,176400.0,312800.0,31300.0,90400.0,186400.0,36600.0,31600.0,243100.0,264800.0,,,595600.0,17900.0,,,9400.0,,16300.0,
16,2017,Manitoba,Females,1,,15500.0,30000.0,25000.0,,18500.0,26600.0,,28800.0,8300.0,135100.0,18900.0,12500.0,103700.0,28300.0,16700.0,92000.0,95400.0,2000.0,9800.0,8000.0,34900.0,,,6600.0,1600.0,,
17,2017,Manitoba,Females,2,10500.0,7200.0,29700.0,36800.0,,15100.0,21600.0,,17400.0,,110200.0,13800.0,9100.0,67900.0,32000.0,9400.0,67400.0,77000.0,2000.0,2500.0,58400.0,24200.0,2400.0,1600.0,10300.0,4300.0,,
18,2017,Manitoba,Females,3,41600.0,13700.0,34800.0,38100.0,7100.0,15600.0,19300.0,9400.0,11900.0,34400.0,114900.0,18500.0,16700.0,66700.0,22000.0,7500.0,90000.0,93000.0,,,52800.0,5300.0,,500.0,3700.0,,5700.0,
19,2017,Manitoba,Females,4,54500.0,5700.0,20300.0,35500.0,8600.0,8000.0,10800.0,13600.0,4100.0,50400.0,81800.0,8300.0,25900.0,44600.0,11900.0,6900.0,60000.0,74300.0,,,161700.0,13400.0,,,1300.0,,4100.0,
20,2017,Manitoba,Males,1,,,38700.0,35100.0,,15200.0,35100.0,,40200.0,,146000.0,9000.0,10400.0,99300.0,24400.0,7000.0,109500.0,101000.0,1600.0,11200.0,6700.0,40700.0,,,9400.0,,,
21,2017,Manitoba,Males,2,14000.0,8100.0,37400.0,49500.0,,16400.0,28600.0,8100.0,42300.0,17100.0,107900.0,9000.0,,87800.0,29500.0,,89800.0,81200.0,2200.0,2200.0,28700.0,8600.0,1400.0,1500.0,13900.0,,,1400.0
22,2017,Manitoba,Males,3,29400.0,6300.0,44100.0,50100.0,,15200.0,16300.0,27500.0,23300.0,44000.0,112200.0,12800.0,19700.0,61600.0,22200.0,,87900.0,92800.0,,,36400.0,1900.0,,1200.0,3600.0,,4600.0,
23,2017,Manitoba,Males,4,34900.0,5800.0,28100.0,35500.0,6300.0,6500.0,6700.0,18400.0,6200.0,28800.0,70600.0,4500.0,15800.0,42100.0,10000.0,5000.0,53500.0,58200.0,,,129200.0,2300.0,,,2500.0,,4200.0,
24,2017,New Brunswick,Females,1,,8100.0,19400.0,14800.0,,4300.0,8000.0,,16000.0,,65700.0,8800.0,,49300.0,10500.0,4700.0,47700.0,49200.0,500.0,9000.0,4000.0,13900.0,,,4000.0,,,
25,2017,New Brunswick,Females,2,9500.0,7600.0,28300.0,24400.0,,13200.0,17000.0,,16500.0,9300.0,64300.0,11700.0,13000.0,42000.0,18500.0,5400.0,47000.0,57600.0,500.0,1300.0,36200.0,6400.0,700.0,2100.0,9100.0,1200.0,,
26,2017,New Brunswick,Females,3,38700.0,10200.0,45200.0,21200.0,6800.0,10100.0,12300.0,11300.0,11100.0,32900.0,81900.0,11000.0,16500.0,44000.0,19900.0,4000.0,60400.0,65600.0,,,43000.0,3900.0,,1200.0,5200.0,,3300.0,
27,2017,New Brunswick,Females,4,43600.0,6900.0,22000.0,27100.0,5700.0,6000.0,7400.0,14000.0,3200.0,35300.0,61700.0,4300.0,19600.0,39000.0,11100.0,2700.0,45400.0,57600.0,,,130500.0,10000.0,,,1500.0,,2000.0,
28,2017,New Brunswick,Males,1,,,14900.0,20200.0,,11300.0,14800.0,,23000.0,,62400.0,,11200.0,48700.0,9800.0,8300.0,43600.0,48200.0,600.0,9200.0,2800.0,19000.0,,,7000.0,,,
29,2017,New Brunswick,Males,2,12000.0,,24600.0,28000.0,,13700.0,14800.0,,25000.0,11300.0,63800.0,7900.0,,42600.0,17600.0,,44500.0,51400.0,1600.0,1300.0,21000.0,3400.0,,1500.0,19600.0,,,2200.0
30,2017,New Brunswick,Males,3,31800.0,6100.0,37800.0,30700.0,3500.0,7100.0,10200.0,13100.0,25500.0,35500.0,73500.0,9500.0,15900.0,35600.0,17000.0,8800.0,52000.0,62400.0,,,30000.0,1400.0,,500.0,9400.0,,3300.0,1200.0
31,2017,New Brunswick,Males,4,25100.0,3900.0,18200.0,23900.0,,5100.0,5800.0,14600.0,10000.0,31800.0,53500.0,,13300.0,29900.0,4500.0,5600.0,41700.0,45500.0,,,106600.0,1600.0,,,3400.0,,3100.0,
32,2017,Newfoundland and Labrador,Females,1,,3600.0,13200.0,12100.0,,7000.0,10500.0,,15100.0,,43000.0,8700.0,4100.0,35300.0,11100.0,6200.0,28700.0,32100.0,,5000.0,2900.0,10600.0,,,3500.0,,,
33,2017,Newfoundland and Labrador,Females,2,8300.0,,20000.0,17800.0,,9800.0,11000.0,,15500.0,4200.0,47500.0,5900.0,5700.0,36500.0,8300.0,,33200.0,36700.0,800.0,1000.0,29000.0,4800.0,,1300.0,14600.0,500.0,,
34,2017,Newfoundland and Labrador,Females,3,25900.0,6400.0,24100.0,23900.0,5000.0,14800.0,18600.0,6200.0,9600.0,19300.0,56200.0,7300.0,10800.0,36900.0,12600.0,3800.0,45000.0,49100.0,,,35600.0,1400.0,,,8400.0,,2700.0,
35,2017,Newfoundland and Labrador,Females,4,33200.0,4800.0,18800.0,20200.0,,3700.0,4300.0,10600.0,,28800.0,46900.0,4200.0,8800.0,32800.0,3100.0,2800.0,37000.0,44600.0,,,85600.0,10400.0,,,2000.0,,1200.0,
36,2017,Newfoundland and Labrador,Males,1,,,14000.0,16600.0,,10900.0,14300.0,,21300.0,,46800.0,,4700.0,32400.0,8500.0,5700.0,36300.0,32400.0,500.0,5000.0,3600.0,12000.0,,,7400.0,,,
37,2017,Newfoundland and Labrador,Males,2,6700.0,,20800.0,18600.0,,18100.0,22300.0,,20800.0,6300.0,48400.0,,,34800.0,10300.0,,35400.0,35200.0,600.0,1000.0,20500.0,3600.0,,600.0,28600.0,,,1800.0
38,2017,Newfoundland and Labrador,Males,3,21000.0,,25800.0,22800.0,,19400.0,20100.0,6300.0,26100.0,27400.0,55700.0,4400.0,7600.0,33400.0,8800.0,,42600.0,49700.0,,,24600.0,,,500.0,12800.0,,2100.0,
39,2017,Newfoundland and Labrador,Males,4,17500.0,,15500.0,18600.0,6600.0,4800.0,5500.0,9800.0,8000.0,24200.0,37800.0,2200.0,8400.0,22800.0,2900.0,,28900.0,34800.0,,,80400.0,1400.0,,,3800.0,,1600.0,
40,2017,Nova Scotia,Females,1,,9000.0,23000.0,25700.0,,10400.0,20400.0,,24600.0,,89700.0,23000.0,5300.0,70400.0,25500.0,15300.0,51800.0,60000.0,1400.0,12100.0,3800.0,20900.0,,,5200.0,,,
41,2017,Nova Scotia,Females,2,13200.0,10600.0,31200.0,21900.0,,10100.0,11300.0,4000.0,25300.0,8000.0,79200.0,15700.0,12500.0,56700.0,22400.0,8400.0,56100.0,58700.0,600.0,2100.0,48000.0,7200.0,700.0,2000.0,10000.0,2200.0,,
42,2017,Nova Scotia,Females,3,33000.0,7100.0,34100.0,36200.0,7400.0,19900.0,23600.0,10600.0,15900.0,28600.0,100600.0,19000.0,14200.0,66600.0,24400.0,8700.0,74200.0,78300.0,,,54000.0,3200.0,,,5900.0,,6000.0,
43,2017,Nova Scotia,Females,4,63800.0,9500.0,32100.0,35900.0,10300.0,4000.0,6400.0,14000.0,4300.0,42100.0,85500.0,10200.0,16800.0,48700.0,12700.0,3200.0,67400.0,75800.0,,,159400.0,11000.0,,,2200.0,,3000.0,
44,2017,Nova Scotia,Males,1,,9300.0,19300.0,29400.0,,19800.0,26500.0,,39300.0,,90800.0,10000.0,7400.0,70200.0,17900.0,7800.0,68900.0,62900.0,700.0,12000.0,4500.0,25600.0,,,9600.0,,,
45,2017,Nova Scotia,Males,2,13200.0,,35000.0,27000.0,,11600.0,17100.0,,28700.0,12000.0,72300.0,8100.0,10900.0,52500.0,19800.0,10000.0,48700.0,53100.0,1000.0,1400.0,30400.0,6600.0,1200.0,2300.0,20800.0,,,2000.0
46,2017,Nova Scotia,Males,3,35600.0,10100.0,44000.0,40600.0,8100.0,23100.0,27500.0,16500.0,31000.0,37300.0,86200.0,15400.0,25000.0,50300.0,19200.0,11000.0,68000.0,71100.0,,,41900.0,1400.0,,1200.0,8300.0,,2800.0,1000.0
47,2017,Nova Scotia,Males,4,39300.0,3600.0,28800.0,29000.0,7100.0,7100.0,9500.0,15300.0,11900.0,43000.0,64200.0,4000.0,21700.0,36200.0,10400.0,5100.0,51000.0,57400.0,,,132900.0,1400.0,,,2900.0,,3200.0,
48,2017,Ontario,Females,1,32200.0,154300.0,298200.0,374500.0,,151000.0,226800.0,22400.0,373000.0,25100.0,1527200.0,181400.0,104300.0,1121600.0,382800.0,187500.0,1011500.0,1045500.0,21300.0,151500.0,79800.0,442200.0,6700.0,4200.0,71000.0,9800.0,,
49,2017,Ontario,Females,2,151100.0,116600.0,324400.0,394900.0,22400.0,124800.0,175300.0,69500.0,234100.0,129000.0,1267400.0,159500.0,126400.0,897400.0,384900.0,111300.0,942900.0,991900.0,28800.0,25300.0,711700.0,336400.0,21400.0,23500.0,138300.0,45600.0,3300.0,6600.0
50,2017,Ontario,Females,3,478900.0,136400.0,394100.0,443800.0,59800.0,197400.0,240600.0,148500.0,202400.0,385000.0,1316500.0,174500.0,260000.0,801200.0,376300.0,137800.0,1001800.0,1003600.0,2200.0,,611800.0,89300.0,2100.0,12200.0,37000.0,4000.0,44100.0,
51,2017,Ontario,Females,4,671700.0,106600.0,301400.0,416700.0,89500.0,94400.0,105900.0,191600.0,57000.0,540700.0,994200.0,111100.0,245900.0,584700.0,185900.0,62900.0,781100.0,878900.0,,,1868800.0,247200.0,,,18200.0,,41100.0,
52,2017,Ontario,Males,1,27200.0,128500.0,296700.0,581800.0,,204300.0,324100.0,,497700.0,57300.0,1480100.0,99900.0,83900.0,1222500.0,338400.0,90000.0,1160100.0,964500.0,29600.0,177200.0,83400.0,466800.0,2600.0,10100.0,98200.0,4300.0,,3600.0
53,2017,Ontario,Males,2,114600.0,82400.0,345700.0,590900.0,10700.0,228400.0,311300.0,68500.0,329700.0,139600.0,1231500.0,75300.0,88900.0,828200.0,337500.0,69300.0,925700.0,920000.0,24000.0,28600.0,390000.0,152100.0,14200.0,26600.0,149400.0,12800.0,,12000.0
54,2017,Ontario,Males,3,343600.0,97900.0,440900.0,649300.0,50600.0,290100.0,339800.0,192300.0,324900.0,461600.0,1259000.0,123700.0,209300.0,752000.0,420500.0,94400.0,982500.0,959700.0,4900.0,,460600.0,29600.0,2300.0,10800.0,40900.0,,51500.0,3800.0
55,2017,Ontario,Males,4,416800.0,59500.0,243300.0,382700.0,90900.0,92600.0,107100.0,240200.0,101200.0,477400.0,820100.0,68200.0,211600.0,455400.0,96900.0,53200.0,666100.0,730800.0,,,1534900.0,69500.0,,5200.0,15800.0,,45800.0,
56,2017,Prince Edward Island,Females,1,,2000.0,2600.0,5400.0,,,2100.0,,3100.0,,13000.0,3000.0,,9400.0,3100.0,,7800.0,10200.0,,1800.0,400.0,2200.0,,,1400.0,,,
57,2017,Prince Edward Island,Females,2,,,4400.0,4100.0,,,1700.0,,1700.0,,13900.0,1900.0,,11500.0,1800.0,,11000.0,11800.0,,,6500.0,1300.0,200.0,200.0,2600.0,400.0,,
58,2017,Prince Edward Island,Females,3,5300.0,2700.0,4300.0,5100.0,1700.0,2400.0,3600.0,2100.0,,2500.0,14600.0,2700.0,3400.0,9800.0,3700.0,,11500.0,11100.0,,,7300.0,400.0,,,1700.0,,800.0,
59,2017,Prince Edward Island,Females,4,7700.0,1300.0,4600.0,4900.0,1500.0,1000.0,1400.0,2500.0,,7000.0,12400.0,1000.0,2400.0,7400.0,1200.0,700.0,10400.0,11000.0,,,22800.0,1600.0,,,700.0,,500.0,
60,2017,Prince Edward Island,Males,1,,,2400.0,6100.0,,2400.0,2800.0,,6000.0,,13500.0,2100.0,,9700.0,2100.0,,10100.0,9600.0,,1800.0,400.0,3100.0,,,2400.0,,,
61,2017,Prince Edward Island,Males,2,,,4800.0,4900.0,,2800.0,3600.0,,2900.0,2300.0,12700.0,,,9500.0,2300.0,,9600.0,10800.0,,,2800.0,700.0,200.0,200.0,4700.0,,,400.0
62,2017,Prince Edward Island,Males,3,5500.0,,5400.0,7300.0,900.0,3900.0,4200.0,1800.0,2800.0,4800.0,14300.0,,2900.0,9000.0,4400.0,,9700.0,12100.0,,,4400.0,,,,2200.0,,400.0,
63,2017,Prince Edward Island,Males,4,4700.0,,4800.0,5000.0,2100.0,1700.0,1700.0,3000.0,2000.0,5600.0,10800.0,,2800.0,6400.0,,,9500.0,10100.0,,,17600.0,,,,1400.0,,800.0,
64,2017,Quebec,Females,1,26200.0,66600.0,150900.0,182800.0,,94600.0,167000.0,10500.0,245600.0,14800.0,829300.0,53500.0,38300.0,618000.0,284900.0,51000.0,604400.0,506800.0,12000.0,73700.0,38600.0,158900.0,4000.0,,49200.0,,,
65,2017,Quebec,Females,2,71700.0,66500.0,203200.0,204700.0,11500.0,104600.0,139400.0,12400.0,192100.0,59100.0,748600.0,73700.0,57600.0,541200.0,322900.0,60800.0,553200.0,473200.0,13800.0,20000.0,301500.0,116000.0,8300.0,12800.0,83400.0,21400.0,,
66,2017,Quebec,Females,3,277900.0,100000.0,241100.0,317700.0,50400.0,136500.0,182500.0,65600.0,166900.0,207800.0,827300.0,79200.0,114200.0,522700.0,236800.0,44000.0,635300.0,506600.0,2100.0,,429900.0,63000.0,,7500.0,26400.0,,34800.0,
67,2017,Quebec,Females,4,424700.0,78200.0,201200.0,271300.0,69900.0,66600.0,86500.0,111400.0,54100.0,339000.0,699400.0,53600.0,134900.0,378100.0,77000.0,22400.0,566100.0,484700.0,,,1234300.0,184900.0,,,12200.0,,20300.0,
68,2017,Quebec,Males,1,19300.0,60400.0,175000.0,288500.0,,127500.0,230500.0,,370900.0,11400.0,837500.0,42000.0,47400.0,630000.0,223600.0,49600.0,658500.0,484300.0,11900.0,73000.0,36600.0,193000.0,,1900.0,53400.0,,,3600.0
69,2017,Quebec,Males,2,63100.0,64100.0,251700.0,363200.0,6400.0,138600.0,203900.0,23000.0,243300.0,74900.0,773000.0,53600.0,48900.0,541000.0,242600.0,47800.0,615700.0,484100.0,16500.0,15900.0,205000.0,71600.0,7200.0,8700.0,113200.0,2000.0,,10800.0
70,2017,Quebec,Males,3,153500.0,49200.0,309200.0,369100.0,30900.0,160700.0,191400.0,90100.0,227500.0,227300.0,827300.0,45100.0,90300.0,511400.0,263700.0,36900.0,677400.0,533300.0,,,309100.0,34200.0,,7000.0,40800.0,,25400.0,3800.0
71,2017,Quebec,Males,4,226500.0,54700.0,175000.0,282300.0,58600.0,66000.0,78100.0,150500.0,85100.0,254100.0,577700.0,28500.0,125400.0,326800.0,53000.0,24900.0,499600.0,421700.0,,,1064000.0,33600.0,,,20800.0,,30800.0,
72,2017,Saskatchewan,Females,1,,9200.0,32800.0,28600.0,,18000.0,25100.0,,34200.0,,118400.0,20300.0,6300.0,81400.0,21800.0,12900.0,83100.0,90900.0,600.0,10200.0,6000.0,24800.0,500.0,,6600.0,1200.0,,
73,2017,Saskatchewan,Females,2,15300.0,3400.0,32700.0,28300.0,,14000.0,18900.0,,22600.0,,92800.0,9400.0,10100.0,67900.0,23000.0,9600.0,71100.0,70500.0,1500.0,2200.0,50600.0,18000.0,1400.0,500.0,10600.0,4600.0,,
74,2017,Saskatchewan,Females,3,31900.0,7000.0,39500.0,32000.0,5200.0,17800.0,20500.0,12600.0,10500.0,28200.0,93300.0,12500.0,18300.0,53400.0,26600.0,9300.0,69000.0,76000.0,,,41800.0,4400.0,,,4100.0,,4300.0,
75,2017,Saskatchewan,Females,4,51200.0,5500.0,23100.0,29400.0,8900.0,6600.0,7900.0,10100.0,,40300.0,74300.0,6800.0,18400.0,32900.0,5800.0,5100.0,50500.0,63800.0,,,131800.0,14000.0,,,1100.0,,3400.0,
76,2017,Saskatchewan,Males,1,,7000.0,35500.0,52400.0,,25700.0,39900.0,,52800.0,,119300.0,8300.0,12700.0,103100.0,24500.0,8500.0,98300.0,89800.0,1400.0,11300.0,6900.0,29200.0,,,8400.0,,,
77,2017,Saskatchewan,Males,2,18100.0,5700.0,43000.0,44500.0,,18900.0,25900.0,,33700.0,13800.0,95600.0,7300.0,8000.0,56700.0,26900.0,8700.0,64700.0,72000.0,1800.0,2000.0,24200.0,5700.0,700.0,1500.0,17600.0,,,2000.0
78,2017,Saskatchewan,Males,3,34600.0,7200.0,45500.0,46900.0,5700.0,21300.0,29200.0,16300.0,30000.0,31500.0,97900.0,,17500.0,53400.0,25500.0,6800.0,68000.0,73400.0,,,27200.0,1900.0,,500.0,5800.0,,3000.0,
79,2017,Saskatchewan,Males,4,35100.0,4700.0,25200.0,32700.0,8100.0,10600.0,11500.0,16500.0,7900.0,36200.0,62200.0,,16100.0,31900.0,8100.0,5900.0,45100.0,60100.0,,,101200.0,2800.0,,,3000.0,,2900.0,
80,2018,Alberta,Females,1,15400.0,55800.0,83700.0,128200.0,,47800.0,77800.0,,125000.0,10000.0,484700.0,83500.0,42000.0,376700.0,96400.0,53500.0,316200.0,338800.0,2700.0,37400.0,28400.0,109400.0,1700.0,,21200.0,4200.0,,
81,2018,Alberta,Females,2,44800.0,47200.0,138100.0,121200.0,,50800.0,60400.0,16600.0,72300.0,27900.0,411900.0,58700.0,45200.0,290800.0,133800.0,42500.0,308600.0,309600.0,10400.0,7900.0,233800.0,62500.0,9000.0,6100.0,43400.0,23900.0,,
82,2018,Alberta,Females,3,126200.0,33200.0,112400.0,116600.0,11100.0,49100.0,59200.0,43100.0,42200.0,94700.0,354800.0,60200.0,54400.0,212500.0,87700.0,27200.0,269200.0,266200.0,,,165000.0,15200.0,,,13800.0,,8500.0,
83,2018,Alberta,Females,4,151700.0,29200.0,73300.0,88400.0,22000.0,15600.0,18600.0,31800.0,7900.0,127500.0,242900.0,22500.0,48900.0,145500.0,33800.0,12500.0,191100.0,195100.0,,,427900.0,35300.0,,,4300.0,,12900.0,
84,2018,Alberta,Males,1,6600.0,74100.0,106300.0,197500.0,,79200.0,130400.0,,169900.0,,510300.0,43100.0,31500.0,379900.0,96400.0,51100.0,366500.0,322200.0,10200.0,40500.0,30400.0,109400.0,,,28600.0,,,
85,2018,Alberta,Males,2,48100.0,42700.0,176100.0,196200.0,,81200.0,111400.0,17500.0,137200.0,60800.0,435100.0,33700.0,38100.0,290600.0,125200.0,32300.0,333400.0,306300.0,10200.0,8100.0,89600.0,19300.0,6200.0,8100.0,66600.0,,,3400.0
86,2018,Alberta,Males,3,99800.0,29300.0,140800.0,167000.0,21700.0,76500.0,94000.0,53500.0,98200.0,113000.0,367300.0,23500.0,60000.0,242600.0,89300.0,24200.0,286500.0,300800.0,,,104000.0,3500.0,,5500.0,19600.0,,7000.0,
87,2018,Alberta,Males,4,118800.0,14200.0,77800.0,86900.0,27000.0,18400.0,24100.0,58300.0,29800.0,106300.0,198900.0,14000.0,54400.0,113200.0,26000.0,8500.0,158400.0,163300.0,,,341600.0,7600.0,,,5600.0,,15300.0,
88,2018,British Columbia,Females,1,11200.0,52300.0,85900.0,88400.0,,29900.0,66200.0,,144000.0,,486900.0,64800.0,39300.0,347600.0,138500.0,70700.0,297000.0,324000.0,4300.0,49600.0,21100.0,103100.0,3800.0,1900.0,19800.0,3500.0,,
89,2018,British Columbia,Females,2,39200.0,34600.0,121800.0,121300.0,4600.0,34200.0,50800.0,15900.0,82700.0,19700.0,433900.0,57000.0,41900.0,289200.0,119500.0,43100.0,283800.0,335100.0,11900.0,14300.0,245200.0,74200.0,8500.0,11100.0,38400.0,22000.0,,
90,2018,British Columbia,Females,3,153800.0,58300.0,108100.0,153300.0,18200.0,45100.0,63800.0,34500.0,77500.0,92900.0,435500.0,63500.0,79000.0,278600.0,119600.0,55300.0,319800.0,360600.0,1700.0,,228000.0,23100.0,,3700.0,18200.0,3700.0,15400.0,
91,2018,British Columbia,Females,4,212100.0,33100.0,83000.0,139200.0,29000.0,24400.0,33400.0,50300.0,18700.0,178900.0,372700.0,39100.0,94100.0,219100.0,53600.0,24500.0,288100.0,321500.0,,,703700.0,80400.0,,,5800.0,,15700.0,
92,2018,British Columbia,Males,1,,29000.0,90700.0,184800.0,,45900.0,104700.0,,200500.0,9200.0,505700.0,33900.0,25400.0,377700.0,112000.0,39000.0,362800.0,299200.0,11300.0,51800.0,25200.0,135400.0,,,24200.0,3500.0,,
93,2018,British Columbia,Males,2,41300.0,31100.0,128500.0,189500.0,,61100.0,79700.0,17500.0,133600.0,53500.0,410400.0,43900.0,38700.0,303200.0,127400.0,30900.0,288100.0,267600.0,14000.0,9900.0,113600.0,35000.0,6800.0,7800.0,45100.0,3700.0,,3000.0
94,2018,British Columbia,Males,3,111000.0,30100.0,124700.0,228100.0,11200.0,42300.0,63600.0,41000.0,119300.0,125400.0,430500.0,23700.0,60900.0,289500.0,99100.0,35900.0,322000.0,353800.0,,,163400.0,13900.0,4300.0,5300.0,14100.0,,13500.0,
95,2018,British Columbia,Males,4,153100.0,22300.0,87300.0,161900.0,30000.0,20600.0,32400.0,73100.0,44400.0,165100.0,331100.0,29800.0,83700.0,200700.0,39500.0,29600.0,253600.0,266200.0,,,621100.0,24800.0,,,7600.0,,13600.0,
96,2018,Manitoba,Females,1,,16900.0,30900.0,33900.0,,19100.0,29800.0,,21600.0,,137500.0,26900.0,10500.0,94400.0,26800.0,14700.0,81200.0,100100.0,1800.0,7600.0,6000.0,36500.0,,,6800.0,500.0,,
97,2018,Manitoba,Females,2,8100.0,11900.0,32200.0,35300.0,,9400.0,23000.0,,19200.0,13200.0,110200.0,17200.0,10800.0,75800.0,35800.0,13800.0,75500.0,86400.0,2400.0,3000.0,61400.0,25000.0,2600.0,2100.0,10900.0,4600.0,,
98,2018,Manitoba,Females,3,38900.0,13400.0,43200.0,34100.0,2400.0,19100.0,23100.0,10800.0,18900.0,37300.0,107000.0,22800.0,18300.0,67200.0,33400.0,10200.0,81200.0,82000.0,,,53900.0,5300.0,,500.0,3700.0,,5800.0,
99,2018,Manitoba,Females,4,54300.0,10100.0,31600.0,32400.0,6800.0,6900.0,12600.0,13800.0,5700.0,54400.0,83900.0,10200.0,25500.0,44600.0,18300.0,5500.0,65400.0,72700.0,,,163700.0,12400.0,,,1600.0,,4500.0,
100,2018,Manitoba,Males,1,,10400.0,39300.0,48900.0,,21500.0,38600.0,,43400.0,,147500.0,11400.0,13400.0,100400.0,19000.0,,99000.0,103300.0,2300.0,11400.0,5300.0,40600.0,500.0,,12000.0,,,
101,2018,Manitoba,Males,2,12300.0,10000.0,34600.0,59800.0,,14900.0,23900.0,,26400.0,11400.0,105900.0,,6200.0,89600.0,26500.0,5000.0,84300.0,86800.0,2300.0,2300.0,27200.0,9200.0,700.0,2900.0,14300.0,,,1400.0
102,2018,Manitoba,Males,3,32600.0,,45900.0,42500.0,,20400.0,24800.0,14900.0,25300.0,36700.0,105100.0,11000.0,14100.0,67200.0,30100.0,8200.0,85500.0,87200.0,,,35800.0,2300.0,,,4600.0,,4200.0,
103,2018,Manitoba,Males,4,35200.0,4200.0,22000.0,36400.0,4400.0,6800.0,8100.0,16200.0,8100.0,38300.0,72100.0,4000.0,23100.0,30700.0,9900.0,5700.0,53900.0,61300.0,,,129000.0,3300.0,,,2700.0,,4700.0,
104,2018,New Brunswick,Females,1,,6300.0,17600.0,18500.0,,3800.0,9700.0,,14500.0,,66100.0,6700.0,,45300.0,14800.0,7700.0,42600.0,46200.0,,7400.0,3300.0,12600.0,,,3900.0,,,
105,2018,New Brunswick,Females,2,6800.0,7500.0,29900.0,21700.0,,8200.0,8900.0,,7000.0,,70200.0,,5700.0,47200.0,20300.0,,50300.0,56200.0,2200.0,1400.0,33200.0,5400.0,800.0,1100.0,9600.0,2000.0,,
106,2018,New Brunswick,Females,3,28800.0,9300.0,25900.0,35000.0,5000.0,9400.0,11600.0,11000.0,12900.0,24900.0,81100.0,13900.0,14600.0,46700.0,24700.0,9600.0,55100.0,64800.0,,,44400.0,3700.0,,500.0,6200.0,,3000.0,
107,2018,New Brunswick,Females,4,39200.0,9000.0,26800.0,27200.0,6000.0,3900.0,5500.0,13200.0,,36400.0,65600.0,5900.0,18200.0,35600.0,10000.0,4000.0,50300.0,62300.0,,,133300.0,11000.0,,,1500.0,,2400.0,
108,2018,New Brunswick,Males,1,,7600.0,16700.0,24400.0,,10500.0,16400.0,,27500.0,,62100.0,5100.0,,45800.0,16100.0,6100.0,41000.0,47300.0,,8800.0,2900.0,14500.0,,,8400.0,,,
109,2018,New Brunswick,Males,2,11400.0,,27500.0,25000.0,,10100.0,13900.0,,23300.0,6900.0,60900.0,4700.0,7900.0,40400.0,11600.0,7000.0,47700.0,46200.0,,1200.0,21400.0,4900.0,500.0,1500.0,17700.0,,,1800.0
110,2018,New Brunswick,Males,3,26600.0,3400.0,34600.0,35100.0,,12600.0,17900.0,18200.0,18600.0,32700.0,72400.0,4200.0,22100.0,35900.0,17400.0,7100.0,47500.0,55900.0,,,29300.0,2600.0,,500.0,9100.0,,2000.0,1200.0
111,2018,New Brunswick,Males,4,31800.0,4500.0,21000.0,28900.0,8500.0,7000.0,8000.0,17600.0,7300.0,33400.0,52500.0,,19300.0,30200.0,8500.0,3800.0,43300.0,45700.0,,,115700.0,1000.0,,,4000.0,,2300.0,
112,2018,Newfoundland and Labrador,Females,1,,,11600.0,12100.0,,6700.0,7800.0,,15200.0,,47200.0,6100.0,,34600.0,3700.0,6100.0,32100.0,34800.0,,6700.0,3300.0,9800.0,,,5000.0,,,
113,2018,Newfoundland and Labrador,Females,2,15100.0,,25600.0,12600.0,,11000.0,15800.0,4500.0,12000.0,6200.0,44700.0,7100.0,11400.0,27000.0,17000.0,,28700.0,36900.0,500.0,,29800.0,6200.0,,600.0,12800.0,600.0,,
114,2018,Newfoundland and Labrador,Females,3,21600.0,6800.0,21900.0,24000.0,3200.0,7400.0,9100.0,4800.0,15300.0,16000.0,60200.0,6200.0,8000.0,39800.0,12000.0,2400.0,41600.0,51200.0,,,34700.0,2200.0,,,7200.0,,2200.0,
115,2018,Newfoundland and Labrador,Females,4,34100.0,6000.0,15600.0,21700.0,4900.0,3800.0,4000.0,11600.0,2700.0,27100.0,47000.0,5000.0,10100.0,32300.0,6500.0,2500.0,38500.0,45300.0,,,89400.0,8400.0,,,2400.0,,1400.0,
116,2018,Newfoundland and Labrador,Males,1,,,16200.0,14900.0,,7800.0,12300.0,,23700.0,,42300.0,8600.0,3900.0,28600.0,8300.0,5800.0,31600.0,32200.0,,6500.0,2300.0,12600.0,,,7400.0,,,
117,2018,Newfoundland and Labrador,Males,2,10200.0,,24300.0,15900.0,,12800.0,16400.0,,22000.0,5100.0,42900.0,,5900.0,35300.0,7400.0,,39600.0,35700.0,,,17800.0,4100.0,,,24600.0,,,2000.0
118,2018,Newfoundland and Labrador,Males,3,16000.0,,30800.0,22400.0,,10200.0,12000.0,5100.0,25100.0,17700.0,57100.0,4100.0,12300.0,30900.0,7300.0,6200.0,40300.0,43800.0,,,24800.0,1700.0,,,11700.0,,1700.0,
119,2018,Newfoundland and Labrador,Males,4,23300.0,,15000.0,20300.0,5700.0,3600.0,5500.0,12700.0,8900.0,25600.0,38300.0,,10600.0,24700.0,3100.0,,30100.0,37400.0,,,81400.0,1000.0,,,4900.0,,1100.0,
120,2018,Nova Scotia,Females,1,,15600.0,29000.0,24300.0,,10600.0,15100.0,,22000.0,,90900.0,18600.0,11600.0,62600.0,13800.0,16600.0,53300.0,65000.0,2200.0,10800.0,6500.0,18600.0,,,4400.0,,,
121,2018,Nova Scotia,Females,2,15800.0,11200.0,21500.0,25600.0,,16500.0,21900.0,,13400.0,6800.0,80300.0,15800.0,11700.0,56600.0,28900.0,12100.0,52300.0,63500.0,1500.0,2500.0,46100.0,7500.0,2200.0,1900.0,10000.0,2100.0,,
122,2018,Nova Scotia,Females,3,43100.0,9400.0,41500.0,29600.0,7000.0,15500.0,20200.0,10900.0,17300.0,32300.0,98300.0,15700.0,17000.0,62300.0,24100.0,11500.0,79000.0,78900.0,,,58200.0,3600.0,,500.0,4400.0,,3900.0,
123,2018,Nova Scotia,Females,4,59900.0,8600.0,28200.0,35400.0,9600.0,7700.0,10500.0,16400.0,3500.0,50300.0,79600.0,10800.0,25400.0,43100.0,13900.0,8600.0,61000.0,75800.0,,,166200.0,11800.0,,,1600.0,,3600.0,
124,2018,Nova Scotia,Males,1,,10300.0,27900.0,37200.0,,8900.0,15100.0,,34800.0,,85100.0,13700.0,13600.0,61800.0,15600.0,8700.0,61800.0,53200.0,800.0,11400.0,4400.0,23600.0,,,8300.0,,,
125,2018,Nova Scotia,Males,2,10500.0,8800.0,29200.0,31700.0,,19100.0,24600.0,,21800.0,7600.0,76000.0,5900.0,5000.0,54700.0,14800.0,5100.0,56000.0,56700.0,1900.0,1100.0,28600.0,5600.0,500.0,1500.0,15400.0,,,1400.0
126,2018,Nova Scotia,Males,3,42000.0,6800.0,38500.0,45700.0,6100.0,25900.0,29000.0,16000.0,31100.0,36300.0,90600.0,7500.0,21500.0,54400.0,16000.0,9700.0,74900.0,83100.0,,,41000.0,1800.0,,,7900.0,,4400.0,
127,2018,Nova Scotia,Males,4,36700.0,2000.0,26700.0,35200.0,9900.0,8300.0,10200.0,17400.0,12200.0,40400.0,70400.0,4200.0,19700.0,42000.0,8700.0,4500.0,51200.0,66900.0,,,137000.0,1200.0,,1000.0,2500.0,,2900.0,
128,2018,Ontario,Females,1,50400.0,112300.0,250600.0,396600.0,,135200.0,215100.0,,347000.0,,1548000.0,240800.0,128800.0,1126900.0,401800.0,221200.0,959300.0,1057300.0,25400.0,182300.0,94600.0,409200.0,5200.0,4800.0,77300.0,13600.0,,
129,2018,Ontario,Females,2,146200.0,136000.0,335800.0,441300.0,32200.0,129400.0,182000.0,65300.0,231500.0,114800.0,1290200.0,181900.0,125900.0,873000.0,416400.0,125000.0,943700.0,962900.0,29600.0,34400.0,717400.0,313000.0,18800.0,24800.0,125400.0,52000.0,3500.0,6800.0
130,2018,Ontario,Females,3,491000.0,158200.0,407800.0,460100.0,57700.0,202000.0,236700.0,133100.0,185300.0,365200.0,1332800.0,219000.0,209000.0,886000.0,380000.0,108800.0,1014900.0,1015300.0,7600.0,,617700.0,87700.0,1600.0,9500.0,37800.0,4500.0,47100.0,
131,2018,Ontario,Females,4,685300.0,128000.0,327800.0,410200.0,94800.0,74400.0,95400.0,190900.0,56000.0,543800.0,1050300.0,92500.0,237500.0,615000.0,168800.0,71700.0,854400.0,893800.0,,,1936000.0,258900.0,,3700.0,15200.0,,48200.0,
132,2018,Ontario,Males,1,72100.0,118400.0,295900.0,561600.0,,195100.0,387200.0,13500.0,509400.0,38200.0,1559900.0,132900.0,134800.0,1114800.0,356400.0,122700.0,1084500.0,949500.0,23500.0,182000.0,87300.0,478600.0,4200.0,7200.0,99200.0,,,3200.0
133,2018,Ontario,Males,2,131300.0,90400.0,394000.0,593600.0,16800.0,190800.0,303400.0,56400.0,346400.0,146800.0,1247200.0,109500.0,95300.0,908600.0,377100.0,96600.0,955000.0,866700.0,35400.0,26300.0,398100.0,147700.0,15500.0,22000.0,141400.0,9200.0,5800.0,11400.0
134,2018,Ontario,Males,3,316200.0,86600.0,484000.0,595100.0,55400.0,248700.0,299600.0,175600.0,339200.0,416200.0,1336500.0,133400.0,179900.0,795800.0,289000.0,126500.0,1012200.0,987400.0,4400.0,,458300.0,37100.0,2200.0,14000.0,43600.0,,47800.0,3200.0
135,2018,Ontario,Males,4,388700.0,61800.0,259300.0,413500.0,72400.0,92800.0,116300.0,246800.0,88200.0,489700.0,876000.0,56900.0,215900.0,505300.0,95200.0,43900.0,706700.0,766500.0,,,1622000.0,67000.0,,,15600.0,,47100.0,
136,2018,Prince Edward Island,Females,1,,2400.0,5100.0,2100.0,,,,,2600.0,,14000.0,2100.0,,10700.0,,,8800.0,6600.0,,2100.0,500.0,1900.0,,,1600.0,,,
137,2018,Prince Edward Island,Females,2,1800.0,2500.0,4800.0,3900.0,,2100.0,3000.0,,1300.0,,13100.0,2100.0,1900.0,10200.0,2400.0,,10300.0,9900.0,,400.0,5600.0,1100.0,400.0,200.0,3200.0,,,
138,2018,Prince Edward Island,Females,3,5200.0,2000.0,7100.0,4900.0,,2600.0,3000.0,1700.0,2000.0,5100.0,15600.0,1500.0,3200.0,9400.0,4200.0,,11000.0,12300.0,,,6100.0,,,,2200.0,,800.0,
139,2018,Prince Edward Island,Females,4,7500.0,900.0,4700.0,4700.0,1000.0,700.0,1000.0,2100.0,,7900.0,13100.0,1400.0,3200.0,7900.0,1300.0,,11000.0,12700.0,,,24200.0,1200.0,,,500.0,,600.0,
140,2018,Prince Edward Island,Males,1,,,4800.0,4900.0,,3500.0,5200.0,,6500.0,,14100.0,2400.0,,10900.0,3100.0,2700.0,8300.0,10100.0,,2300.0,500.0,3000.0,,,2000.0,,,
141,2018,Prince Edward Island,Males,2,,,5400.0,5600.0,,3000.0,3300.0,,3200.0,2300.0,13100.0,,,8200.0,2900.0,,10100.0,8400.0,200.0,200.0,2300.0,800.0,500.0,200.0,4200.0,,,400.0
142,2018,Prince Edward Island,Males,3,4500.0,,6600.0,6300.0,,2700.0,3200.0,2000.0,4400.0,3500.0,14700.0,,2600.0,10600.0,4600.0,1600.0,11000.0,13300.0,,,3900.0,,,,2200.0,,200.0,
143,2018,Prince Edward Island,Males,4,5300.0,,4000.0,6600.0,1900.0,2100.0,2200.0,3600.0,2000.0,6800.0,11800.0,,2300.0,6700.0,1000.0,,9900.0,9700.0,,,18000.0,,,,1200.0,,600.0,
144,2018,Quebec,Females,1,19100.0,97600.0,115900.0,187300.0,,105400.0,165600.0,,248900.0,6400.0,826900.0,71000.0,39400.0,594100.0,282600.0,81500.0,529100.0,510600.0,11400.0,75700.0,27800.0,155400.0,1900.0,,39600.0,3700.0,,
145,2018,Quebec,Females,2,86200.0,83900.0,223000.0,225200.0,12600.0,87800.0,119100.0,22900.0,170100.0,49600.0,765000.0,80700.0,61600.0,500100.0,302700.0,48300.0,532500.0,469700.0,14300.0,16100.0,280500.0,123400.0,5500.0,18000.0,79200.0,20900.0,3500.0,
146,2018,Quebec,Females,3,239500.0,76600.0,226400.0,315900.0,35700.0,142000.0,177500.0,65200.0,156300.0,175600.0,801400.0,92400.0,102800.0,504800.0,199400.0,54800.0,613500.0,492800.0,2000.0,,423200.0,65300.0,,6600.0,27000.0,,34200.0,
147,2018,Quebec,Females,4,402700.0,69000.0,207600.0,267100.0,58100.0,67700.0,82500.0,131800.0,51500.0,371300.0,719100.0,46700.0,154800.0,391400.0,71200.0,30200.0,579100.0,514000.0,,,1287800.0,170200.0,,,12200.0,,20900.0,
148,2018,Quebec,Males,1,,73200.0,164400.0,318500.0,,122400.0,226500.0,,326500.0,15000.0,839800.0,32400.0,45200.0,647000.0,201400.0,51100.0,643300.0,443200.0,17000.0,77600.0,28800.0,179700.0,,1600.0,63600.0,4000.0,,
149,2018,Quebec,Males,2,48000.0,51700.0,221800.0,356800.0,12900.0,129600.0,187500.0,26400.0,253800.0,69700.0,773900.0,42600.0,58500.0,562100.0,282500.0,49100.0,607400.0,469000.0,17200.0,15700.0,212600.0,74400.0,9800.0,11000.0,94000.0,2300.0,,9000.0
150,2018,Quebec,Males,3,176700.0,54700.0,279100.0,403300.0,31800.0,150200.0,187600.0,117700.0,198400.0,233400.0,820300.0,61600.0,106000.0,517300.0,177900.0,58100.0,634400.0,491700.0,1500.0,,286000.0,38200.0,,6600.0,39200.0,,31600.0,3600.0
151,2018,Quebec,Males,4,223900.0,47100.0,162200.0,305000.0,46900.0,68800.0,92200.0,153000.0,86800.0,256200.0,612900.0,23800.0,121000.0,328600.0,46200.0,13400.0,521600.0,441400.0,,,1104000.0,46600.0,,,18400.0,,29600.0,
152,2018,Saskatchewan,Females,1,,17000.0,18800.0,35300.0,,18800.0,25000.0,,30100.0,,120200.0,21300.0,11000.0,82300.0,24300.0,13700.0,80400.0,75500.0,1400.0,10100.0,7100.0,27600.0,500.0,,4800.0,1100.0,,
153,2018,Saskatchewan,Females,2,11300.0,7400.0,33000.0,24300.0,,24700.0,29800.0,,18700.0,8800.0,93200.0,15600.0,10500.0,53800.0,30900.0,12200.0,61800.0,76200.0,900.0,1500.0,49600.0,18900.0,2000.0,1600.0,10200.0,5000.0,,
154,2018,Saskatchewan,Females,3,34900.0,8700.0,40600.0,33100.0,,16600.0,20600.0,8200.0,9900.0,32500.0,99800.0,11200.0,17100.0,55500.0,28600.0,12800.0,68500.0,79700.0,,,42600.0,4000.0,,500.0,3600.0,,4400.0,
155,2018,Saskatchewan,Females,4,49900.0,7500.0,28700.0,25800.0,10300.0,7800.0,11300.0,14500.0,,45200.0,72900.0,9500.0,22500.0,40200.0,11200.0,5800.0,52200.0,67100.0,,,138200.0,10000.0,,,1700.0,,3000.0,
156,2018,Saskatchewan,Males,1,,16000.0,35700.0,37800.0,,14100.0,33300.0,,48700.0,5400.0,125600.0,12800.0,7400.0,92000.0,20300.0,13000.0,93200.0,79500.0,1400.0,12200.0,6600.0,29800.0,,,8100.0,,,
157,2018,Saskatchewan,Males,2,9200.0,,51200.0,34100.0,,17900.0,22400.0,,37400.0,13700.0,98100.0,4600.0,6100.0,67600.0,26400.0,,79000.0,75100.0,1500.0,1500.0,26300.0,7800.0,1200.0,1300.0,15700.0,,,1200.0
158,2018,Saskatchewan,Males,3,28200.0,,39700.0,45900.0,,20600.0,28300.0,12800.0,26000.0,23000.0,95900.0,,13500.0,62800.0,23300.0,,81300.0,82900.0,,,30400.0,1500.0,,600.0,5600.0,,3000.0,
159,2018,Saskatchewan,Males,4,34000.0,,27400.0,27000.0,7800.0,11300.0,13000.0,19400.0,11500.0,31400.0,63100.0,5300.0,18300.0,30000.0,7700.0,4500.0,46700.0,59600.0,,,103900.0,1800.0,,,3300.0,,4100.0,
160,2019,Alberta,Females,1,23300.0,54100.0,101900.0,118900.0,,51600.0,79500.0,,132500.0,,487200.0,82300.0,40000.0,350800.0,104900.0,82500.0,286800.0,328300.0,1900.0,37800.0,26800.0,115400.0,,,23200.0,,,
161,2019,Alberta,Females,2,37900.0,47600.0,121600.0,148400.0,,47200.0,69700.0,17900.0,70000.0,36400.0,419800.0,60600.0,37100.0,304000.0,115900.0,34600.0,291200.0,307100.0,9600.0,10000.0,218200.0,76000.0,9600.0,6100.0,46000.0,23600.0,,
162,2019,Alberta,Females,3,159400.0,31300.0,114800.0,119200.0,21700.0,53700.0,68600.0,29500.0,39500.0,69900.0,363400.0,57900.0,48800.0,246800.0,99700.0,33000.0,284200.0,268800.0,1600.0,,156200.0,17600.0,1800.0,3400.0,16300.0,,10000.0,
163,2019,Alberta,Females,4,170600.0,24600.0,83900.0,90300.0,25700.0,22900.0,27800.0,41300.0,16200.0,135100.0,244000.0,28800.0,58200.0,147600.0,37400.0,20900.0,189000.0,199100.0,,,435800.0,45900.0,,,4700.0,,12100.0,
164,2019,Alberta,Males,1,17400.0,30100.0,116700.0,182700.0,,60800.0,117000.0,,212000.0,7400.0,484400.0,48100.0,32600.0,371900.0,81100.0,51500.0,354000.0,311700.0,2600.0,43100.0,23700.0,121900.0,1600.0,,35400.0,,,
165,2019,Alberta,Males,2,48000.0,32500.0,175200.0,198500.0,,56700.0,89400.0,37300.0,142200.0,76300.0,443000.0,36000.0,31700.0,339700.0,121000.0,33100.0,342800.0,327000.0,9800.0,11300.0,84600.0,21800.0,6600.0,6400.0,70400.0,2100.0,,4800.0
166,2019,Alberta,Males,3,107600.0,24800.0,144500.0,173600.0,15800.0,75100.0,88200.0,51100.0,81400.0,136400.0,371500.0,22100.0,49900.0,236400.0,94100.0,20500.0,273700.0,288400.0,,,108500.0,5400.0,,3500.0,26200.0,,9800.0,
167,2019,Alberta,Males,4,108800.0,12500.0,75200.0,96100.0,24200.0,22300.0,26100.0,60100.0,22800.0,120100.0,223500.0,18000.0,48200.0,128700.0,25700.0,13700.0,170100.0,190700.0,,,350000.0,10200.0,,,10700.0,,19200.0,
168,2019,British Columbia,Females,1,,59400.0,70000.0,105600.0,,17400.0,44200.0,,117600.0,9100.0,492500.0,91600.0,51300.0,341500.0,132000.0,74700.0,272200.0,352800.0,8900.0,52100.0,24100.0,100900.0,2300.0,,24400.0,,,
169,2019,British Columbia,Females,2,52000.0,46800.0,116100.0,157000.0,,37400.0,55700.0,26600.0,87400.0,28500.0,447800.0,52400.0,55300.0,293500.0,121400.0,44100.0,297700.0,349500.0,11900.0,11700.0,211200.0,81200.0,11700.0,8000.0,34800.0,19800.0,,
170,2019,British Columbia,Females,3,149200.0,28900.0,114900.0,145600.0,21500.0,44300.0,56000.0,29600.0,86100.0,82100.0,459100.0,58000.0,82900.0,299500.0,103900.0,52000.0,325000.0,360200.0,1900.0,,223800.0,28800.0,1700.0,5500.0,18800.0,1600.0,20400.0,
171,2019,British Columbia,Females,4,195300.0,32300.0,92400.0,139900.0,33600.0,19800.0,31900.0,63300.0,26000.0,175000.0,404400.0,40400.0,98400.0,230300.0,51600.0,26900.0,288000.0,346700.0,,,722500.0,80700.0,,3000.0,6900.0,,17000.0,
172,2019,British Columbia,Males,1,20400.0,60700.0,91300.0,188900.0,,32000.0,82700.0,,178800.0,,516700.0,58600.0,39900.0,393200.0,97100.0,43700.0,359800.0,321100.0,9300.0,57600.0,31600.0,122600.0,1600.0,1600.0,34400.0,,,
173,2019,British Columbia,Males,2,32400.0,26800.0,125500.0,203200.0,,48000.0,81700.0,,100600.0,52400.0,429200.0,39800.0,40400.0,311100.0,142600.0,44600.0,311200.0,299800.0,10500.0,13200.0,98100.0,31900.0,11400.0,9500.0,45800.0,5000.0,,3600.0
174,2019,British Columbia,Males,3,107400.0,25800.0,115000.0,205000.0,20200.0,58200.0,79900.0,54400.0,116900.0,133000.0,436300.0,31400.0,64100.0,255000.0,126400.0,28200.0,334500.0,334700.0,,,151700.0,11900.0,1600.0,4600.0,14500.0,,14100.0,
175,2019,British Columbia,Males,4,155600.0,32400.0,95800.0,163400.0,32400.0,22400.0,28600.0,90800.0,43300.0,173300.0,348500.0,21500.0,83800.0,200200.0,31700.0,19100.0,265900.0,305300.0,,,621400.0,23800.0,,4000.0,6400.0,,22700.0,
176,2019,Manitoba,Females,1,,16600.0,27800.0,34800.0,,6100.0,12500.0,,35700.0,,136300.0,23200.0,10000.0,99800.0,31500.0,20000.0,82900.0,103500.0,800.0,9400.0,6000.0,36800.0,,,7100.0,500.0,,
177,2019,Manitoba,Females,2,14800.0,12200.0,47800.0,33100.0,,12600.0,16700.0,,18700.0,21100.0,120100.0,15000.0,11100.0,80200.0,33300.0,,82200.0,98400.0,2700.0,2500.0,62600.0,22800.0,2300.0,1800.0,11800.0,4600.0,,
178,2019,Manitoba,Females,3,28100.0,12100.0,48000.0,37800.0,10700.0,17800.0,22400.0,9900.0,19300.0,24500.0,107000.0,16500.0,12200.0,70700.0,29200.0,12500.0,77400.0,87700.0,,,51200.0,5200.0,,,3800.0,,5500.0,
179,2019,Manitoba,Females,4,60900.0,10300.0,34400.0,29500.0,7600.0,7400.0,9600.0,16200.0,4300.0,54200.0,89000.0,8000.0,22200.0,50400.0,14800.0,6400.0,66100.0,77900.0,,,174100.0,10600.0,,,2200.0,,5300.0,
180,2019,Manitoba,Males,1,,,34800.0,62900.0,,12800.0,33200.0,,61500.0,,145100.0,10600.0,,111400.0,29400.0,9900.0,97700.0,103100.0,2200.0,12700.0,7600.0,39400.0,,,11500.0,,,
181,2019,Manitoba,Males,2,13800.0,,44000.0,51100.0,,18400.0,26900.0,,25500.0,13700.0,108700.0,7400.0,,79100.0,29900.0,13800.0,69100.0,84200.0,1500.0,2900.0,26200.0,8600.0,2000.0,1900.0,14000.0,700.0,,1400.0
182,2019,Manitoba,Males,3,44800.0,11200.0,59600.0,38400.0,,24300.0,26000.0,22200.0,40300.0,31600.0,111400.0,16900.0,24100.0,53100.0,18700.0,7000.0,78200.0,87000.0,,,34000.0,1700.0,,1000.0,5000.0,,4700.0,
183,2019,Manitoba,Males,4,38300.0,5900.0,27300.0,35300.0,5800.0,8300.0,10300.0,18100.0,8500.0,42800.0,75100.0,6800.0,20800.0,42800.0,9500.0,5700.0,57000.0,63900.0,,,135500.0,2000.0,,,2300.0,,5600.0,
184,2019,New Brunswick,Females,1,,,17800.0,15100.0,,6700.0,14100.0,,13100.0,,64400.0,12800.0,6100.0,45300.0,13200.0,7800.0,35500.0,48400.0,,10800.0,2900.0,13000.0,,,4200.0,,,
185,2019,New Brunswick,Females,2,13400.0,,24600.0,22700.0,,12300.0,14600.0,,7400.0,8600.0,64700.0,7600.0,10600.0,39700.0,18900.0,6900.0,43600.0,48300.0,1500.0,,31200.0,5800.0,1200.0,1500.0,10000.0,1700.0,,1000.0
186,2019,New Brunswick,Females,3,37100.0,8000.0,37000.0,24600.0,6800.0,11900.0,15400.0,11100.0,15200.0,30000.0,76900.0,10300.0,17600.0,42000.0,23200.0,7900.0,56400.0,64000.0,,,42700.0,3000.0,,500.0,6500.0,,3500.0,
187,2019,New Brunswick,Females,4,43100.0,7700.0,25100.0,27800.0,6000.0,4500.0,6700.0,13100.0,4500.0,39400.0,69700.0,7500.0,16500.0,35500.0,10100.0,5500.0,50700.0,60500.0,,,138300.0,11200.0,,,1800.0,,2100.0,
188,2019,New Brunswick,Males,1,,8500.0,16000.0,24800.0,,11500.0,18300.0,,25400.0,,65900.0,12100.0,,44500.0,15900.0,10500.0,40700.0,44500.0,,8200.0,4100.0,14600.0,,,7000.0,,,
189,2019,New Brunswick,Males,2,10800.0,10400.0,24100.0,28600.0,,13900.0,17400.0,,19000.0,13200.0,59700.0,7000.0,8000.0,34600.0,16300.0,5900.0,40900.0,49700.0,600.0,1600.0,21600.0,4300.0,,1300.0,18800.0,,,2000.0
190,2019,New Brunswick,Males,3,32700.0,6600.0,41300.0,29500.0,4300.0,7400.0,10500.0,15800.0,23600.0,25800.0,72100.0,7800.0,17000.0,40900.0,17800.0,10300.0,53700.0,59100.0,,,29300.0,1400.0,,500.0,9800.0,,3100.0,1200.0
191,2019,New Brunswick,Males,4,33400.0,3600.0,20700.0,28500.0,6700.0,6400.0,8300.0,14400.0,9900.0,30000.0,58900.0,3100.0,17700.0,30200.0,6100.0,3800.0,43800.0,50500.0,,,114200.0,1400.0,,,5900.0,,2800.0,
192,2019,Newfoundland and Labrador,Females,1,,,19600.0,6800.0,,4300.0,10400.0,,15100.0,,45200.0,5300.0,,34300.0,7300.0,5100.0,30700.0,30200.0,,4900.0,2700.0,11500.0,,,6000.0,,,
193,2019,Newfoundland and Labrador,Females,2,10300.0,,19100.0,22400.0,,7600.0,11600.0,,11000.0,7800.0,45600.0,7600.0,8100.0,33400.0,9500.0,,30100.0,34000.0,,,29400.0,5700.0,,1100.0,11800.0,1700.0,,
194,2019,Newfoundland and Labrador,Females,3,25000.0,5400.0,21800.0,22900.0,,8900.0,10900.0,5600.0,14800.0,18100.0,57300.0,6400.0,5500.0,42700.0,8000.0,2900.0,44300.0,52300.0,,,34000.0,2000.0,,,6800.0,,1700.0,
195,2019,Newfoundland and Labrador,Females,4,34600.0,6000.0,18800.0,20100.0,5600.0,4400.0,5700.0,12600.0,1900.0,28000.0,48400.0,4100.0,13000.0,32400.0,4900.0,3200.0,38100.0,47000.0,,,94700.0,7200.0,,,2100.0,,1400.0,
196,2019,Newfoundland and Labrador,Males,1,,,17900.0,9000.0,,7200.0,10700.0,,17000.0,,42500.0,8100.0,,31500.0,,8500.0,28000.0,29900.0,,5400.0,3000.0,13000.0,,,6000.0,,,
197,2019,Newfoundland and Labrador,Males,2,9800.0,,20700.0,16600.0,,12100.0,15900.0,,18300.0,6500.0,44400.0,4200.0,,33900.0,9300.0,,35900.0,37200.0,,,17000.0,3800.0,500.0,,19800.0,,,2000.0
198,2019,Newfoundland and Labrador,Males,3,23900.0,,26000.0,18900.0,,14800.0,17100.0,8800.0,19700.0,17000.0,53200.0,,12800.0,34000.0,10600.0,3900.0,42400.0,47600.0,,,24300.0,,,,10400.0,,1100.0,
199,2019,Newfoundland and Labrador,Males,4,25900.0,3600.0,14900.0,19600.0,5000.0,4100.0,5900.0,11800.0,7800.0,23500.0,38300.0,2700.0,12600.0,26500.0,5100.0,2600.0,30600.0,38500.0,,,82400.0,,,,4600.0,,2300.0,
200,2019,Nova Scotia,Females,1,,13000.0,22900.0,27700.0,,14700.0,22300.0,,34300.0,,93900.0,24100.0,11300.0,54100.0,18900.0,23700.0,44600.0,66600.0,700.0,7800.0,4400.0,17800.0,,,6600.0,,,
201,2019,Nova Scotia,Females,2,16400.0,11400.0,29600.0,23900.0,,9400.0,12800.0,,13000.0,9700.0,79700.0,17000.0,11300.0,48500.0,21900.0,11400.0,56200.0,64700.0,1300.0,1900.0,42400.0,7100.0,800.0,1900.0,9700.0,2900.0,,
202,2019,Nova Scotia,Females,3,39400.0,9500.0,39000.0,35900.0,8300.0,18400.0,20600.0,9700.0,16900.0,25200.0,100900.0,15100.0,15100.0,55300.0,23600.0,9200.0,67100.0,86200.0,,,56200.0,2600.0,,500.0,5400.0,,5100.0,
203,2019,Nova Scotia,Females,4,63500.0,8600.0,31500.0,32600.0,11400.0,7400.0,9400.0,16900.0,6400.0,49600.0,88900.0,9200.0,22500.0,51500.0,14800.0,6400.0,68300.0,79200.0,,,171900.0,11000.0,,,1600.0,,3200.0,
204,2019,Nova Scotia,Males,1,,,28400.0,27100.0,,13000.0,20900.0,,41600.0,,88600.0,14200.0,10400.0,66000.0,21500.0,15000.0,60200.0,63800.0,1200.0,9900.0,2600.0,20800.0,,,10200.0,,,
205,2019,Nova Scotia,Males,2,17100.0,,35000.0,28700.0,,18900.0,25300.0,,27400.0,9300.0,71100.0,7800.0,9200.0,51700.0,16100.0,11400.0,51100.0,51100.0,2200.0,2600.0,26800.0,5100.0,600.0,2200.0,18000.0,,,1200.0
206,2019,Nova Scotia,Males,3,29700.0,5100.0,32300.0,46100.0,6300.0,20800.0,30600.0,12100.0,29600.0,30800.0,90800.0,12500.0,17900.0,60100.0,21200.0,12800.0,63700.0,79500.0,,,42800.0,1000.0,,1200.0,7800.0,,3000.0,
207,2019,Nova Scotia,Males,4,45900.0,5500.0,24900.0,37500.0,12000.0,7300.0,9200.0,19800.0,12500.0,44500.0,71900.0,5800.0,22700.0,37100.0,10500.0,7200.0,51900.0,63200.0,,,142500.0,1400.0,,,4000.0,,3000.0,
208,2019,Ontario,Females,1,44500.0,144900.0,336000.0,345400.0,,81200.0,171900.0,16600.0,311800.0,24800.0,1582800.0,266900.0,119500.0,1188700.0,421500.0,212900.0,941500.0,1104100.0,18600.0,170800.0,92400.0,435600.0,4900.0,7800.0,71500.0,9600.0,,
209,2019,Ontario,Females,2,147000.0,116500.0,365300.0,383900.0,20000.0,124600.0,166400.0,61300.0,193800.0,123600.0,1304200.0,146900.0,115200.0,900100.0,423000.0,124600.0,884100.0,988500.0,24200.0,40800.0,656600.0,327400.0,22000.0,23600.0,114600.0,55700.0,3700.0,7200.0
210,2019,Ontario,Females,3,502000.0,136200.0,439600.0,468500.0,47800.0,186600.0,237000.0,170200.0,199900.0,368100.0,1352700.0,183700.0,214800.0,861800.0,366400.0,116300.0,1000600.0,1074200.0,4200.0,,628800.0,89500.0,1700.0,9200.0,47400.0,2000.0,56300.0,
211,2019,Ontario,Females,4,756100.0,119600.0,316600.0,418100.0,83200.0,73700.0,92100.0,233600.0,54700.0,620000.0,1068500.0,99000.0,283000.0,641200.0,202200.0,73500.0,867200.0,921900.0,,,1999000.0,264200.0,,,18000.0,3000.0,39500.0,
212,2019,Ontario,Males,1,40400.0,100300.0,301800.0,585900.0,,194000.0,362900.0,32100.0,467600.0,47700.0,1565700.0,164300.0,135600.0,1158100.0,352000.0,231800.0,1034100.0,988200.0,22600.0,184900.0,99600.0,469000.0,6300.0,6100.0,103000.0,2300.0,,3200.0
213,2019,Ontario,Males,2,143400.0,87400.0,388500.0,594300.0,,196400.0,289700.0,62500.0,344200.0,156400.0,1253300.0,99800.0,93800.0,902300.0,360800.0,97600.0,917000.0,896500.0,27800.0,28300.0,349500.0,150300.0,19600.0,31300.0,155100.0,13000.0,5500.0,11000.0
214,2019,Ontario,Males,3,338200.0,92100.0,513400.0,563500.0,60300.0,208800.0,269200.0,223100.0,320800.0,434800.0,1290700.0,117100.0,168400.0,820800.0,339100.0,109900.0,1023200.0,1037700.0,3800.0,,436400.0,34600.0,2200.0,12600.0,43200.0,,47300.0,5400.0
215,2019,Ontario,Males,4,418000.0,56000.0,287400.0,435300.0,69000.0,99900.0,118600.0,279900.0,116300.0,487800.0,915600.0,70800.0,229700.0,524700.0,107500.0,57900.0,697500.0,761800.0,,,1642000.0,66500.0,,4200.0,22000.0,,51400.0,
216,2019,Prince Edward Island,Females,1,,,3400.0,4400.0,,,3100.0,,3100.0,,14600.0,3900.0,,9200.0,,,8200.0,10400.0,,2100.0,500.0,1700.0,,,1500.0,,,
217,2019,Prince Edward Island,Females,2,,,7200.0,3500.0,,,,,3600.0,,14300.0,1900.0,,10100.0,4100.0,,8200.0,10900.0,,400.0,5400.0,700.0,200.0,200.0,3000.0,500.0,,
218,2019,Prince Edward Island,Females,3,5600.0,,5900.0,5100.0,,3000.0,4300.0,,1300.0,4200.0,16500.0,4000.0,2300.0,9100.0,2300.0,,10000.0,10700.0,,,6700.0,,,,1400.0,,600.0,
219,2019,Prince Edward Island,Females,4,8400.0,1200.0,4200.0,6000.0,1600.0,900.0,1100.0,2300.0,700.0,6600.0,13900.0,1300.0,3300.0,8200.0,1700.0,1000.0,10900.0,12500.0,,,25600.0,1200.0,,,500.0,,,
220,2019,Prince Edward Island,Males,1,,3500.0,5200.0,5500.0,,3100.0,4700.0,,8300.0,,13400.0,,,8000.0,4300.0,4300.0,6600.0,9900.0,,2300.0,500.0,2600.0,,,2200.0,,,
221,2019,Prince Edward Island,Males,2,,,4500.0,5300.0,,1900.0,2500.0,,3900.0,,13800.0,,,9800.0,2900.0,,9300.0,10900.0,,,3000.0,800.0,200.0,200.0,4200.0,,,400.0
222,2019,Prince Edward Island,Males,3,4300.0,,5800.0,7500.0,,2800.0,2800.0,,4200.0,3100.0,15500.0,,2600.0,8300.0,3600.0,1900.0,11000.0,12800.0,,,3900.0,200.0,,,2400.0,,400.0,
223,2019,Prince Edward Island,Males,4,6100.0,500.0,4600.0,4600.0,1400.0,1200.0,1500.0,3300.0,1800.0,6300.0,10900.0,900.0,3600.0,6300.0,1700.0,900.0,8700.0,10300.0,,,18900.0,,,,1600.0,,600.0,
224,2019,Quebec,Females,1,19600.0,81900.0,139900.0,205200.0,,83300.0,163300.0,,216900.0,,819800.0,67000.0,46400.0,571900.0,304900.0,88900.0,519100.0,493500.0,9800.0,70700.0,28600.0,139100.0,1800.0,,37600.0,5200.0,,
225,2019,Quebec,Females,2,87000.0,78700.0,187300.0,239100.0,,85000.0,126100.0,24800.0,174800.0,53300.0,781300.0,69300.0,70400.0,528100.0,292000.0,45700.0,551500.0,518900.0,16200.0,15000.0,258200.0,132400.0,8800.0,12300.0,69300.0,19900.0,,3000.0
226,2019,Quebec,Females,3,287400.0,100700.0,257200.0,294100.0,36300.0,139500.0,171800.0,72000.0,145400.0,207500.0,823700.0,87900.0,87400.0,483500.0,197100.0,37800.0,645700.0,538600.0,,,394600.0,66500.0,4000.0,7300.0,35100.0,,42100.0,
227,2019,Quebec,Females,4,428300.0,73000.0,205000.0,285800.0,60500.0,65900.0,87700.0,124700.0,48800.0,367200.0,758400.0,41000.0,141800.0,440200.0,89600.0,25800.0,608500.0,537300.0,,,1313300.0,175700.0,,,12500.0,,24500.0,
228,2019,Quebec,Males,1,13300.0,58200.0,160400.0,309100.0,,122200.0,213000.0,,276300.0,14500.0,861600.0,41000.0,32100.0,635500.0,198900.0,49100.0,626700.0,494800.0,11700.0,92900.0,33700.0,149200.0,2500.0,4300.0,55400.0,,,
229,2019,Quebec,Males,2,55100.0,54300.0,224000.0,368100.0,,107500.0,159300.0,41600.0,283800.0,81400.0,805100.0,46200.0,39400.0,584000.0,263900.0,41500.0,617000.0,451600.0,18700.0,27200.0,178300.0,63800.0,12800.0,13900.0,110200.0,7500.0,,8000.0
230,2019,Quebec,Males,3,180200.0,55800.0,298700.0,388700.0,20800.0,166000.0,219500.0,88000.0,200100.0,206800.0,823700.0,41700.0,90500.0,551800.0,243500.0,45600.0,660100.0,526100.0,1800.0,,292800.0,36000.0,,5800.0,42100.0,,31500.0,3000.0
231,2019,Quebec,Males,4,263300.0,43700.0,181600.0,297600.0,47700.0,60500.0,76600.0,165200.0,83100.0,270200.0,645500.0,21800.0,117600.0,360500.0,54200.0,16500.0,549000.0,488100.0,,,1137700.0,43400.0,3200.0,,22400.0,,29200.0,
232,2019,Saskatchewan,Females,1,,,29700.0,35100.0,,20400.0,28300.0,,24200.0,,121100.0,15500.0,6100.0,70900.0,27800.0,14400.0,71600.0,84600.0,500.0,10800.0,7200.0,28100.0,600.0,,6000.0,,,
233,2019,Saskatchewan,Females,2,11700.0,,42100.0,25200.0,,15300.0,19900.0,,15000.0,9100.0,99400.0,19500.0,12700.0,68200.0,21600.0,14900.0,60800.0,75900.0,1400.0,2400.0,45800.0,17900.0,2300.0,600.0,10400.0,3700.0,,
234,2019,Saskatchewan,Females,3,39200.0,8800.0,40100.0,28100.0,,11100.0,13400.0,8200.0,10200.0,21500.0,97600.0,8500.0,14200.0,55500.0,21100.0,8300.0,69300.0,81700.0,,,41700.0,3800.0,,,4000.0,,4300.0,
235,2019,Saskatchewan,Females,4,52600.0,6300.0,28900.0,27700.0,8300.0,8400.0,9700.0,13100.0,3100.0,44600.0,76300.0,9400.0,19300.0,38700.0,14700.0,5700.0,54200.0,68500.0,,,139800.0,11600.0,,,1800.0,,3800.0,
236,2019,Saskatchewan,Males,1,,11500.0,36800.0,41500.0,,21700.0,33000.0,,56300.0,,126600.0,21600.0,,86000.0,21900.0,,84900.0,94600.0,700.0,12300.0,5900.0,28500.0,,,8200.0,,,
237,2019,Saskatchewan,Males,2,6900.0,,43400.0,40600.0,,12800.0,17800.0,,36300.0,8700.0,103300.0,5200.0,6200.0,73500.0,21300.0,,67700.0,86200.0,1100.0,3400.0,23600.0,6000.0,600.0,2000.0,13200.0,,,1200.0
238,2019,Saskatchewan,Males,3,26700.0,,41300.0,45600.0,,19900.0,23200.0,21200.0,28700.0,36700.0,90900.0,18200.0,22100.0,47400.0,29200.0,11300.0,66400.0,69600.0,,,28400.0,1500.0,,,5000.0,,3600.0,
239,2019,Saskatchewan,Males,4,34800.0,5500.0,31900.0,25800.0,6000.0,5000.0,6900.0,17600.0,8300.0,38800.0,65700.0,5100.0,18200.0,32100.0,6500.0,5200.0,46900.0,60300.0,,,106500.0,1800.0,,,3000.0,,4700.0,
240,2020,Alberta,Females,1,20600.0,56400.0,100600.0,129000.0,,35200.0,65000.0,,112300.0,,475700.0,67900.0,54000.0,352000.0,112100.0,63800.0,304800.0,328600.0,2000.0,35800.0,36600.0,111600.0,1800.0,1900.0,62200.0,,,10800.0
241,2020,Alberta,Females,2,53000.0,51900.0,128600.0,149900.0,,55400.0,60600.0,,74900.0,26100.0,447400.0,71600.0,41300.0,301300.0,152400.0,57600.0,275700.0,349200.0,9600.0,6400.0,218900.0,69800.0,9100.0,6500.0,111900.0,15500.0,,24000.0
242,2020,Alberta,Females,3,144200.0,38200.0,128500.0,133300.0,13100.0,40900.0,53400.0,27700.0,74300.0,96000.0,348100.0,63000.0,50600.0,246600.0,97600.0,49400.0,258500.0,259000.0,,,166200.0,18200.0,1900.0,3400.0,33600.0,,13900.0,4200.0
243,2020,Alberta,Females,4,170000.0,27000.0,82400.0,100700.0,22000.0,20400.0,25600.0,44400.0,9400.0,135200.0,264800.0,24700.0,49700.0,164700.0,36600.0,16200.0,198900.0,226600.0,,,477400.0,49300.0,,,9100.0,,11400.0,
244,2020,Alberta,Males,1,,51900.0,125100.0,166700.0,,52700.0,97500.0,,151300.0,,462900.0,39700.0,24000.0,340900.0,111000.0,59000.0,320000.0,279600.0,3700.0,40900.0,37300.0,131300.0,,,58000.0,,,8800.0
245,2020,Alberta,Males,2,48200.0,27600.0,173600.0,196300.0,,80000.0,107800.0,41300.0,131000.0,62400.0,439100.0,51900.0,48400.0,301200.0,111600.0,63100.0,298100.0,315200.0,6100.0,8000.0,99000.0,27300.0,13200.0,10400.0,124400.0,1900.0,,25600.0
246,2020,Alberta,Males,3,109800.0,26100.0,124800.0,167500.0,,52300.0,72300.0,52200.0,67600.0,119100.0,351600.0,34600.0,53400.0,251700.0,73500.0,31300.0,278300.0,281800.0,,,92400.0,6300.0,2300.0,,38600.0,,10000.0,5800.0
247,2020,Alberta,Males,4,110900.0,17000.0,79100.0,111600.0,14400.0,25300.0,29500.0,58100.0,19400.0,124900.0,230200.0,15200.0,52200.0,138900.0,25000.0,13700.0,169100.0,174000.0,,,380000.0,12000.0,3600.0,3100.0,15700.0,,18400.0,
248,2020,British Columbia,Females,1,,53200.0,89800.0,142000.0,,12000.0,43200.0,,127000.0,,519600.0,83000.0,45200.0,386100.0,127500.0,98200.0,282200.0,313100.0,6200.0,45000.0,38800.0,129000.0,2000.0,,61600.0,,,9800.0
249,2020,British Columbia,Females,2,52700.0,38200.0,125300.0,130600.0,,40400.0,56000.0,,99200.0,28300.0,454000.0,56000.0,44200.0,282100.0,123900.0,47900.0,272400.0,357900.0,9100.0,11600.0,215600.0,76200.0,14000.0,8600.0,111900.0,17500.0,,28000.0
250,2020,British Columbia,Females,3,179500.0,58400.0,106800.0,178800.0,15300.0,44200.0,57000.0,15200.0,68300.0,77000.0,479600.0,73000.0,67900.0,312600.0,137600.0,55800.0,316800.0,375200.0,1500.0,,221100.0,32900.0,3600.0,3800.0,34700.0,,16700.0,8800.0
251,2020,British Columbia,Females,4,229800.0,51200.0,109800.0,164300.0,32100.0,19900.0,24900.0,58200.0,24300.0,186300.0,426900.0,40900.0,80700.0,263000.0,61500.0,30200.0,321000.0,377500.0,,,769500.0,70400.0,,,18400.0,,17200.0,
252,2020,British Columbia,Males,1,,78300.0,113200.0,213100.0,,34400.0,97700.0,,171800.0,31400.0,555100.0,47200.0,47800.0,400500.0,144900.0,78500.0,316600.0,320800.0,9000.0,48700.0,32600.0,130100.0,1600.0,2200.0,75400.0,1500.0,,8600.0
253,2020,British Columbia,Males,2,28300.0,47400.0,134800.0,176000.0,,34500.0,56600.0,18600.0,120000.0,51800.0,444600.0,30400.0,53000.0,309200.0,145100.0,49000.0,305900.0,313200.0,10200.0,12200.0,111600.0,37000.0,14000.0,10200.0,113100.0,3800.0,,25200.0
254,2020,British Columbia,Males,3,99100.0,22600.0,140900.0,218000.0,9600.0,47800.0,72700.0,45400.0,97800.0,120500.0,419300.0,46400.0,85000.0,274300.0,128700.0,57800.0,304300.0,348500.0,,,147600.0,13500.0,7200.0,5100.0,31200.0,,18000.0,6000.0
255,2020,British Columbia,Males,4,166100.0,24100.0,88700.0,175600.0,28000.0,24700.0,31100.0,78300.0,41900.0,172200.0,359300.0,23300.0,83600.0,219500.0,31500.0,18900.0,296300.0,321600.0,,,649800.0,23000.0,,,14700.0,,23000.0,3200.0
256,2020,Manitoba,Females,1,,18100.0,31600.0,21300.0,,,21900.0,,35600.0,,124800.0,20000.0,,100000.0,39800.0,16600.0,70300.0,95900.0,700.0,8200.0,5100.0,38000.0,,,16200.0,,,3000.0
257,2020,Manitoba,Females,2,10400.0,,40100.0,41200.0,,21400.0,25400.0,,17600.0,6200.0,113800.0,19800.0,16200.0,70400.0,40600.0,11300.0,68400.0,83600.0,800.0,2700.0,52200.0,28700.0,1600.0,2000.0,22200.0,4800.0,,7000.0
258,2020,Manitoba,Females,3,35100.0,10300.0,39100.0,35600.0,,18400.0,23000.0,11600.0,12700.0,29300.0,105400.0,17100.0,24800.0,55100.0,31700.0,17600.0,70800.0,86000.0,,,51400.0,5700.0,,,8700.0,,5300.0,1800.0
259,2020,Manitoba,Females,4,60100.0,9900.0,37100.0,32800.0,7700.0,6400.0,8300.0,14800.0,3700.0,54300.0,88800.0,11700.0,19900.0,52000.0,14000.0,6100.0,67700.0,80600.0,,,176200.0,13000.0,,,4100.0,,5000.0,
260,2020,Manitoba,Males,1,,,18000.0,73700.0,,,28700.0,,39900.0,,147000.0,,,124200.0,38700.0,,119300.0,104700.0,2100.0,10600.0,7000.0,41800.0,,,18200.0,,,2800.0
261,2020,Manitoba,Males,2,,,33700.0,60200.0,,19200.0,31000.0,,20300.0,19300.0,106400.0,15700.0,18000.0,71600.0,26200.0,16400.0,76400.0,71500.0,1400.0,3000.0,22600.0,9200.0,1400.0,1500.0,27600.0,600.0,,5600.0
262,2020,Manitoba,Males,3,32600.0,,53000.0,48400.0,,18500.0,21700.0,14600.0,30600.0,35100.0,106700.0,,13100.0,63900.0,24700.0,,79100.0,84200.0,,,30800.0,2500.0,,,7100.0,,2900.0,1200.0
263,2020,Manitoba,Males,4,43300.0,6100.0,28000.0,39400.0,6900.0,6200.0,7100.0,16000.0,7800.0,46400.0,80000.0,4900.0,14700.0,50300.0,10700.0,5200.0,60600.0,64200.0,,,138200.0,2600.0,,,5000.0,,5200.0,
264,2020,New Brunswick,Females,1,,,23000.0,,,,,,11200.0,,63700.0,,,45900.0,23100.0,12400.0,25600.0,53400.0,,9000.0,3300.0,13800.0,,,8400.0,,,1200.0
265,2020,New Brunswick,Females,2,13000.0,11700.0,30600.0,13700.0,,13000.0,13700.0,,10300.0,,68200.0,9600.0,,39400.0,18600.0,,47000.0,48200.0,,1400.0,30600.0,7300.0,500.0,1300.0,12500.0,500.0,,3800.0
266,2020,New Brunswick,Females,3,28200.0,,38800.0,20600.0,,11500.0,12800.0,8100.0,15600.0,19100.0,78500.0,16700.0,16000.0,42400.0,23000.0,6900.0,44900.0,62900.0,,,42800.0,3800.0,,,6400.0,,2800.0,1600.0
267,2020,New Brunswick,Females,4,46500.0,7600.0,31000.0,29900.0,6100.0,3900.0,5100.0,14800.0,4200.0,38400.0,76000.0,8400.0,16000.0,41600.0,8200.0,5200.0,52200.0,64100.0,,,141400.0,11400.0,,,2600.0,,2600.0,
268,2020,New Brunswick,Males,1,,,20100.0,17400.0,,,,,29500.0,,55800.0,,,44200.0,,,39800.0,37800.0,,6600.0,3600.0,14100.0,,,10500.0,,,1600.0
269,2020,New Brunswick,Males,2,,,20600.0,33100.0,,,9500.0,,22200.0,10500.0,62400.0,,,44600.0,,,49000.0,48400.0,,,18600.0,4500.0,,1300.0,22600.0,,,4600.0
270,2020,New Brunswick,Males,3,21600.0,,36100.0,33000.0,,12000.0,13700.0,23900.0,21200.0,31200.0,81300.0,13400.0,12200.0,34900.0,13500.0,,55200.0,60900.0,,,28500.0,2300.0,,,12600.0,,2200.0,2000.0
271,2020,New Brunswick,Males,4,32500.0,4900.0,20400.0,30200.0,6300.0,8600.0,9800.0,16800.0,7900.0,33300.0,59500.0,5100.0,18700.0,35000.0,6500.0,5200.0,45800.0,54600.0,,,118600.0,2000.0,,,4500.0,,3500.0,
272,2020,Newfoundland and Labrador,Females,1,,,10500.0,15500.0,,,12000.0,,,,44400.0,9500.0,,37500.0,,,27700.0,40300.0,,3400.0,4000.0,9900.0,,,6100.0,,,
273,2020,Newfoundland and Labrador,Females,2,9700.0,,28200.0,11500.0,,10500.0,13400.0,,12400.0,7500.0,44100.0,,,33300.0,11300.0,,28000.0,36700.0,,,24600.0,5800.0,700.0,500.0,12400.0,1400.0,,2400.0
274,2020,Newfoundland and Labrador,Females,3,25900.0,,28800.0,18400.0,,11000.0,12600.0,,8700.0,15400.0,60000.0,7000.0,6000.0,42600.0,7100.0,,46200.0,47900.0,,,35000.0,3400.0,,,7300.0,,1700.0,1000.0
275,2020,Newfoundland and Labrador,Females,4,36900.0,7100.0,20100.0,20500.0,6300.0,5000.0,6300.0,16300.0,2000.0,29800.0,50500.0,4200.0,13600.0,32000.0,6400.0,2900.0,41400.0,49600.0,,,98700.0,9600.0,,,2100.0,,500.0,
276,2020,Newfoundland and Labrador,Males,1,,,18200.0,13900.0,,,11600.0,,17100.0,,48100.0,,,28400.0,,,33700.0,37300.0,,4400.0,2600.0,13000.0,,,10000.0,,,
277,2020,Newfoundland and Labrador,Males,2,,,20300.0,18100.0,,,,,14800.0,,42500.0,,,30800.0,9500.0,,32200.0,28300.0,,,16000.0,3600.0,500.0,600.0,24400.0,,,4200.0
278,2020,Newfoundland and Labrador,Males,3,19200.0,,27000.0,23100.0,,13800.0,17800.0,6800.0,21600.0,22500.0,52100.0,,9900.0,36000.0,,,37800.0,43900.0,,,24400.0,,,,12400.0,,2500.0,1800.0
279,2020,Newfoundland and Labrador,Males,4,24700.0,2600.0,16200.0,21900.0,5800.0,4200.0,5300.0,11300.0,9800.0,25600.0,44000.0,2700.0,13300.0,28400.0,3600.0,1500.0,35200.0,41900.0,,,88600.0,1200.0,,,5000.0,,1600.0,
280,2020,Nova Scotia,Females,1,,,20600.0,20300.0,,,17300.0,,29600.0,,92000.0,31500.0,,76700.0,23900.0,24100.0,57300.0,74600.0,500.0,6800.0,4900.0,19600.0,,600.0,12000.0,,,1800.0
281,2020,Nova Scotia,Females,2,15200.0,15400.0,33200.0,25000.0,,13500.0,17400.0,,18700.0,,82800.0,23300.0,9000.0,54300.0,30400.0,16900.0,46200.0,65100.0,500.0,600.0,37900.0,8000.0,2600.0,1700.0,20200.0,2500.0,,4800.0
282,2020,Nova Scotia,Females,3,38300.0,11900.0,46500.0,42200.0,,9600.0,9900.0,16000.0,21100.0,29500.0,97600.0,25300.0,26900.0,59200.0,22400.0,16800.0,67600.0,79200.0,,,58200.0,4300.0,,500.0,7900.0,,4200.0,2000.0
283,2020,Nova Scotia,Females,4,60400.0,11100.0,33100.0,35800.0,10600.0,6800.0,7800.0,20000.0,6100.0,52200.0,89300.0,13200.0,22100.0,55300.0,13900.0,7400.0,69700.0,79600.0,,,176100.0,11400.0,,,3400.0,,3400.0,
284,2020,Nova Scotia,Males,1,,,,46000.0,,,,,,,83800.0,,,73500.0,,,69900.0,66500.0,,7600.0,4600.0,21200.0,,,16400.0,,,2200.0
285,2020,Nova Scotia,Males,2,13500.0,,39500.0,23100.0,,,14700.0,,18500.0,,69800.0,14800.0,,59800.0,14900.0,,52900.0,58800.0,1400.0,1800.0,23600.0,6100.0,1500.0,1400.0,24100.0,700.0,,5600.0
286,2020,Nova Scotia,Males,3,39500.0,,41800.0,38700.0,14900.0,22800.0,26100.0,14900.0,31500.0,26800.0,88300.0,11100.0,26600.0,51700.0,22300.0,11300.0,74800.0,77700.0,,,45400.0,2100.0,,,9000.0,,3800.0,1800.0
287,2020,Nova Scotia,Males,4,41100.0,3700.0,26100.0,38100.0,8600.0,6300.0,8200.0,18800.0,11400.0,38900.0,77200.0,4900.0,16700.0,45400.0,8500.0,5500.0,62600.0,70200.0,,,143400.0,1800.0,,,4600.0,,4500.0,
288,2020,Ontario,Females,1,58900.0,217700.0,334700.0,363700.0,,97100.0,168400.0,,302300.0,14800.0,1560800.0,236800.0,105500.0,1099800.0,425200.0,276400.0,827100.0,1102400.0,12800.0,145200.0,128299.0,443000.0,12000.0,5300.0,187600.0,7900.0,,38200.0
289,2020,Ontario,Females,2,130200.0,110700.0,440200.0,369900.0,8500.0,102300.0,140500.0,59400.0,211100.0,95700.0,1275700.0,176400.0,146200.0,933200.0,356400.0,175800.0,848100.0,1002200.0,22200.0,27200.0,624200.0,340900.0,38000.0,19300.0,326200.0,51000.0,3100.0,84000.0
290,2020,Ontario,Females,3,446100.0,135100.0,411600.0,514200.0,63600.0,160200.0,190000.0,138400.0,192600.0,323100.0,1335200.0,158500.0,210000.0,868300.0,325000.0,152500.0,900000.0,1045000.0,,,576400.0,108100.0,11000.0,7200.0,92400.0,1500.0,48700.0,27000.0
291,2020,Ontario,Females,4,720500.0,113400.0,346400.0,412800.0,101600.0,74900.0,92000.0,215600.0,59700.0,614300.0,1114100.0,120300.0,261600.0,668900.0,167300.0,83200.0,833600.0,959100.0,,,2093000.0,258100.0,4000.0,6900.0,29900.0,,34400.0,10200.0
292,2020,Ontario,Males,1,47400.0,164500.0,336500.0,559000.0,,207400.0,294000.0,39600.0,367700.0,62600.0,1558800.0,174900.0,134800.0,1232300.0,368500.0,207300.0,1058000.0,1002900.0,22600.0,143000.0,123900.0,486400.0,11600.0,4700.0,211600.0,1700.0,,35800.0
293,2020,Ontario,Males,2,100700.0,79900.0,405000.0,549400.0,,158300.0,232700.0,23900.0,292900.0,118700.0,1232800.0,103900.0,97500.0,930700.0,360900.0,141800.0,897200.0,901700.0,31200.0,15000.0,327600.0,143800.0,36600.0,25400.0,322800.0,10800.0,3800.0,78400.0
294,2020,Ontario,Males,3,308900.0,95700.0,484900.0,568300.0,56900.0,189800.0,248600.0,187100.0,317600.0,390000.0,1298900.0,104400.0,191700.0,887200.0,296900.0,123800.0,973900.0,1053900.0,2200.0,,417400.0,41200.0,15700.0,9100.0,86800.0,3300.0,42600.0,24000.0
295,2020,Ontario,Males,4,434400.0,66700.0,291400.0,437800.0,84200.0,77100.0,92200.0,262700.0,132400.0,512400.0,936700.0,65700.0,227200.0,557000.0,116900.0,53300.0,734600.0,765200.0,,,1687600.0,72000.0,6900.0,3600.0,33800.0,,52200.0,6600.0
296,2020,Prince Edward Island,Females,1,,,,,,,,,,,16700.0,,,8900.0,,,8000.0,9700.0,,1900.0,200.0,3000.0,,,3100.0,,,400.0
297,2020,Prince Edward Island,Females,2,,,6300.0,,,,,,,,12000.0,3800.0,3500.0,8500.0,6500.0,,5500.0,10800.0,,400.0,5000.0,1400.0,,,4400.0,,,1000.0
298,2020,Prince Edward Island,Females,3,4700.0,,8200.0,4300.0,,,,,,4000.0,16600.0,,,9700.0,4500.0,,12200.0,11700.0,,,6100.0,600.0,,,2000.0,,600.0,
299,2020,Prince Edward Island,Females,4,8700.0,1600.0,5500.0,6100.0,1500.0,1000.0,1300.0,2500.0,900.0,7400.0,14800.0,1400.0,2900.0,9000.0,1600.0,1100.0,11600.0,13300.0,,,26000.0,1400.0,,,900.0,,600.0,
300,2020,Prince Edward Island,Males,1,,,,5800.0,,,,,,,17900.0,,,14900.0,,,15000.0,14200.0,,2200.0,900.0,2900.0,,,3400.0,,,400.0
301,2020,Prince Edward Island,Males,2,,,4800.0,,,,,,,,13900.0,,,10000.0,,,8300.0,11100.0,,,2800.0,1200.0,,,5000.0,,,600.0
302,2020,Prince Edward Island,Males,3,5800.0,,8600.0,4000.0,,,,,6300.0,5200.0,15700.0,,,8000.0,,,12600.0,14300.0,,,4500.0,500.0,,,2000.0,,400.0,
303,2020,Prince Edward Island,Males,4,5900.0,600.0,3300.0,5900.0,1100.0,600.0,1300.0,3300.0,1500.0,6400.0,12100.0,800.0,2700.0,7800.0,800.0,600.0,9500.0,10900.0,,,19000.0,,,,1600.0,,600.0,
304,2020,Quebec,Females,1,24500.0,103000.0,136200.0,205900.0,,26000.0,58600.0,,147300.0,,796000.0,101900.0,24900.0,607900.0,264600.0,100200.0,466700.0,555300.0,8200.0,64000.0,32400.0,138800.0,4300.0,,80000.0,,,30400.0
305,2020,Quebec,Females,2,88100.0,66300.0,190200.0,237200.0,12700.0,74300.0,95000.0,,160500.0,26700.0,769900.0,44800.0,49200.0,572800.0,279200.0,49600.0,529700.0,514500.0,14200.0,16500.0,225800.0,134600.0,13800.0,11900.0,133600.0,22000.0,,70000.0
306,2020,Quebec,Females,3,269900.0,90600.0,309800.0,250900.0,31100.0,109500.0,147500.0,63200.0,135500.0,205600.0,853300.0,79700.0,90900.0,534800.0,170700.0,36700.0,631500.0,583900.0,,,388800.0,70400.0,4800.0,6800.0,44600.0,,35500.0,25400.0
307,2020,Quebec,Females,4,440800.0,90400.0,196200.0,294700.0,72600.0,59300.0,74600.0,143100.0,49600.0,344600.0,738600.0,41800.0,136500.0,433700.0,86000.0,39900.0,610800.0,541200.0,,,1344900.0,190900.0,,,20000.0,,30100.0,9400.0
308,2020,Quebec,Males,1,36200.0,61800.0,163900.0,265400.0,,146200.0,264100.0,,241400.0,,860000.0,35100.0,,700600.0,189200.0,64600.0,631700.0,510100.0,13800.0,66300.0,37400.0,166800.0,5300.0,1900.0,90400.0,,,31200.0
309,2020,Quebec,Males,2,57500.0,54900.0,250700.0,346500.0,,130700.0,182600.0,30200.0,241000.0,69400.0,803100.0,40200.0,43500.0,601800.0,264100.0,56300.0,644400.0,501000.0,13200.0,18700.0,153800.0,78300.0,15400.0,15400.0,156200.0,2300.0,,71200.0
310,2020,Quebec,Males,3,181300.0,61500.0,256000.0,413400.0,26000.0,143300.0,177900.0,81600.0,204700.0,237400.0,814400.0,59900.0,91600.0,516300.0,219800.0,72500.0,659800.0,558700.0,,,271500.0,44200.0,4500.0,4600.0,56800.0,,29200.0,25600.0
311,2020,Quebec,Males,4,256200.0,60900.0,197500.0,267600.0,56000.0,78200.0,93200.0,155600.0,75200.0,282600.0,649700.0,24900.0,128600.0,363900.0,49800.0,26600.0,561700.0,501200.0,,,1185500.0,51800.0,4600.0,3800.0,34400.0,,28600.0,10800.0
312,2020,Saskatchewan,Females,1,,15200.0,19600.0,33800.0,,,14600.0,,26100.0,,117300.0,17200.0,,82500.0,22800.0,17100.0,65500.0,88300.0,,9200.0,6600.0,26600.0,600.0,,13500.0,,,2400.0
313,2020,Saskatchewan,Females,2,,6800.0,42100.0,30500.0,,10300.0,14600.0,,19800.0,14400.0,100700.0,19500.0,6500.0,72400.0,24700.0,16400.0,58600.0,77100.0,700.0,1900.0,44000.0,17000.0,1500.0,1400.0,18300.0,4600.0,,4600.0
314,2020,Saskatchewan,Females,3,26300.0,6200.0,32900.0,33000.0,,14900.0,16400.0,8200.0,16000.0,27200.0,93500.0,15000.0,10000.0,61800.0,16900.0,10100.0,67400.0,71000.0,,,41000.0,4700.0,500.0,,6200.0,,4700.0,1600.0
315,2020,Saskatchewan,Females,4,56700.0,8000.0,30000.0,30200.0,7700.0,9200.0,10000.0,13100.0,4300.0,42300.0,83900.0,9200.0,15800.0,43000.0,8900.0,4300.0,58500.0,74400.0,,,147200.0,11200.0,,,3400.0,,3800.0,
316,2020,Saskatchewan,Males,1,,,29200.0,60800.0,,11100.0,27400.0,,39100.0,,120600.0,21600.0,21900.0,72000.0,13900.0,,80200.0,86700.0,500.0,8800.0,7600.0,31300.0,,,14200.0,,,2800.0
317,2020,Saskatchewan,Males,2,,,54700.0,35100.0,,15200.0,16800.0,,31200.0,18500.0,108300.0,10700.0,,79900.0,19600.0,,67200.0,74300.0,500.0,1800.0,20300.0,6800.0,700.0,,24800.0,,,7200.0
318,2020,Saskatchewan,Males,3,19300.0,,37000.0,46600.0,,30500.0,36800.0,,23700.0,27300.0,95600.0,,10200.0,53800.0,22400.0,,57500.0,78200.0,,,31200.0,1600.0,,500.0,7000.0,,2500.0,1400.0
319,2020,Saskatchewan,Males,4,34600.0,5000.0,28300.0,34200.0,8400.0,9100.0,10600.0,16500.0,6100.0,44000.0,72600.0,6400.0,16900.0,40000.0,7300.0,5000.0,52400.0,66400.0,,,111300.0,2200.0,,,4300.0,,4500.0,
320,2021,Alberta,Females,1,19300.0,,85700.0,130700.0,,25900.0,41600.0,,82300.0,10900.0,460600.0,86100.0,41800.0,325600.0,120900.0,103100.0,201500.0,322900.0,1900.0,22600.0,31800.0,136600.0,1600.0,,28800.0,,,
321,2021,Alberta,Females,2,55600.0,,165000.0,125200.0,,33900.0,43800.0,16300.0,60800.0,40200.0,436600.0,71600.0,52200.0,282900.0,135000.0,60700.0,228200.0,319200.0,2700.0,5500.0,255400.0,81500.0,6700.0,1600.0,65000.0,12100.0,,6400.0
322,2021,Alberta,Females,3,152100.0,,120000.0,108400.0,,52300.0,62000.0,27800.0,58900.0,82200.0,341200.0,59300.0,51700.0,222200.0,99800.0,53300.0,221800.0,260300.0,,,156000.0,19100.0,,1600.0,19800.0,,12300.0,
323,2021,Alberta,Females,4,180200.0,,94800.0,104800.0,,21100.0,27900.0,37400.0,17300.0,129000.0,278400.0,28000.0,53300.0,184200.0,33700.0,22700.0,208200.0,219700.0,,,503100.0,43300.0,,,5800.0,,9000.0,
324,2021,Alberta,Males,1,,,119600.0,186700.0,,39900.0,79100.0,,131800.0,23500.0,478100.0,64600.0,53200.0,336500.0,96000.0,86800.0,298100.0,298200.0,,28200.0,40600.0,147800.0,,,35000.0,,,
325,2021,Alberta,Males,2,50700.0,,167900.0,186500.0,,50100.0,73200.0,11900.0,111800.0,63200.0,442900.0,42000.0,34400.0,303200.0,117900.0,51700.0,300300.0,303300.0,4100.0,8000.0,117400.0,30400.0,4100.0,2100.0,79800.0,1600.0,,6600.0
326,2021,Alberta,Males,3,110900.0,,117000.0,178900.0,,49500.0,68600.0,55700.0,86900.0,125900.0,357500.0,19900.0,66100.0,215700.0,102300.0,39200.0,254700.0,278000.0,,,114600.0,7500.0,,3400.0,19000.0,,10700.0,
327,2021,Alberta,Males,4,114500.0,,89200.0,110000.0,,27000.0,29900.0,59500.0,32000.0,121200.0,238900.0,11600.0,54300.0,140300.0,26100.0,21000.0,176600.0,197900.0,,,421000.0,11900.0,,,11600.0,,15800.0,
328,2021,British Columbia,Females,1,,,103400.0,116100.0,,,34600.0,,88500.0,,527300.0,101700.0,47300.0,355500.0,105800.0,115600.0,259300.0,377300.0,4800.0,36800.0,41800.0,121000.0,1900.0,,31600.0,,,
329,2021,British Columbia,Females,2,41400.0,,109900.0,160000.0,,24700.0,49300.0,,87000.0,31900.0,466300.0,56000.0,52500.0,315500.0,131000.0,88400.0,251500.0,367700.0,9200.0,6900.0,242900.0,75800.0,5400.0,7400.0,51000.0,18300.0,,3600.0
330,2021,British Columbia,Females,3,150100.0,,142600.0,149600.0,,50800.0,61300.0,40000.0,66600.0,108100.0,477100.0,76400.0,86500.0,280000.0,133200.0,96400.0,266300.0,368100.0,,,228500.0,31700.0,4000.0,,19600.0,,15600.0,
331,2021,British Columbia,Females,4,248400.0,,114400.0,182300.0,,25600.0,32600.0,59600.0,29700.0,215000.0,457000.0,42500.0,87900.0,282000.0,68300.0,36200.0,324800.0,397100.0,,,813300.0,74700.0,3400.0,,11300.0,,19200.0,
332,2021,British Columbia,Males,1,,,100700.0,190300.0,,33000.0,61100.0,,114700.0,,528400.0,68500.0,39200.0,419500.0,110100.0,100800.0,308100.0,379800.0,6800.0,34100.0,52000.0,120400.0,,,36400.0,,,
333,2021,British Columbia,Males,2,38200.0,,119200.0,201100.0,,46500.0,77900.0,,119700.0,49700.0,433300.0,41600.0,52200.0,275600.0,121900.0,60800.0,270200.0,299400.0,9100.0,9000.0,134800.0,30200.0,2600.0,5900.0,55400.0,2100.0,,6000.0
334,2021,British Columbia,Males,3,130500.0,,178100.0,204100.0,,59200.0,69100.0,52100.0,103000.0,139600.0,459100.0,34000.0,71600.0,301300.0,103100.0,44700.0,312800.0,334000.0,,,152000.0,15000.0,1800.0,1500.0,21800.0,,13200.0,
335,2021,British Columbia,Males,4,171600.0,,108200.0,165000.0,,38000.0,44100.0,80200.0,57200.0,192900.0,373600.0,31600.0,98100.0,222800.0,49700.0,33900.0,272900.0,323800.0,,,685200.0,23100.0,,,11600.0,,21300.0,
336,2021,Manitoba,Females,1,,,29600.0,37400.0,,9200.0,17200.0,,25700.0,,136000.0,23600.0,9600.0,98900.0,22800.0,18900.0,67900.0,98200.0,,8400.0,9400.0,33700.0,,,10100.0,,,
337,2021,Manitoba,Females,2,14300.0,,38400.0,35900.0,,10200.0,14100.0,3700.0,17000.0,13300.0,116900.0,16600.0,9900.0,78400.0,35500.0,15400.0,73400.0,94000.0,1100.0,2100.0,59800.0,21200.0,1600.0,1500.0,16100.0,3800.0,,1800.0
338,2021,Manitoba,Females,3,40000.0,,45000.0,34400.0,,16500.0,19500.0,16100.0,16800.0,29800.0,107600.0,14700.0,19800.0,71000.0,21500.0,15900.0,65900.0,82900.0,,,52000.0,6400.0,,,5200.0,,5200.0,
339,2021,Manitoba,Females,4,61300.0,,34500.0,37100.0,,8000.0,9400.0,18100.0,3400.0,52200.0,91600.0,10500.0,22300.0,50500.0,15300.0,9700.0,66800.0,77000.0,,,187100.0,11200.0,,,1800.0,,3600.0,
340,2021,Manitoba,Males,1,,,40900.0,48600.0,,8400.0,18400.0,,39300.0,3500.0,142000.0,15700.0,9400.0,100800.0,31100.0,23100.0,82400.0,95600.0,,9000.0,8500.0,39200.0,,,12300.0,,,
341,2021,Manitoba,Males,2,11500.0,,46200.0,51200.0,,10100.0,13500.0,6900.0,22000.0,17900.0,114300.0,7600.0,12600.0,74700.0,32200.0,13800.0,74500.0,77500.0,1300.0,1900.0,27900.0,9000.0,600.0,500.0,17000.0,700.0,,2000.0
342,2021,Manitoba,Males,3,22000.0,,55400.0,37300.0,,15200.0,19700.0,13100.0,24800.0,33900.0,106000.0,8300.0,14200.0,60900.0,21300.0,9400.0,79600.0,81400.0,,,32400.0,2300.0,,,5500.0,,4400.0,
343,2021,Manitoba,Males,4,41700.0,,29600.0,39300.0,,7200.0,9000.0,21600.0,8400.0,41700.0,80900.0,5900.0,20000.0,47300.0,11300.0,7500.0,57500.0,69900.0,,,147800.0,3400.0,,,3200.0,,4800.0,
344,2021,New Brunswick,Females,1,3500.0,,15900.0,17700.0,,5000.0,6900.0,,12300.0,,65500.0,12400.0,6600.0,48900.0,18600.0,13400.0,32400.0,52900.0,,7200.0,3800.0,12400.0,,,7000.0,,,
345,2021,New Brunswick,Females,2,8600.0,,31000.0,20000.0,,10100.0,11900.0,2300.0,15400.0,6800.0,67400.0,14300.0,7800.0,38300.0,18800.0,11400.0,38400.0,53900.0,600.0,1100.0,27700.0,7000.0,600.0,500.0,12100.0,1600.0,,
346,2021,New Brunswick,Females,3,29300.0,,34100.0,24700.0,,11100.0,13000.0,16600.0,14400.0,31000.0,77800.0,12400.0,15400.0,42300.0,17300.0,13000.0,41100.0,66700.0,,,40700.0,5000.0,,,6200.0,,3300.0,
347,2021,New Brunswick,Females,4,49000.0,,33900.0,26100.0,,7400.0,9000.0,14500.0,5300.0,47300.0,77000.0,10900.0,22200.0,36200.0,13800.0,9400.0,49200.0,67900.0,,,145800.0,11800.0,,,2000.0,,3300.0,
348,2021,New Brunswick,Males,1,,,20300.0,14400.0,,,11800.0,,22300.0,,64000.0,11700.0,,42400.0,12000.0,11000.0,36700.0,46100.0,500.0,4300.0,4200.0,14800.0,,,8700.0,,,
349,2021,New Brunswick,Males,2,7300.0,,31100.0,25700.0,,9500.0,13600.0,,22000.0,9500.0,62600.0,7100.0,6100.0,42200.0,13000.0,4800.0,44200.0,48500.0,500.0,1100.0,22400.0,4700.0,600.0,600.0,17400.0,,,1800.0
350,2021,New Brunswick,Males,3,22400.0,,36800.0,34700.0,,9900.0,10600.0,10700.0,23400.0,29000.0,75900.0,7300.0,18000.0,38300.0,21100.0,8200.0,49800.0,63000.0,,,30100.0,2500.0,,,9600.0,,2800.0,1200.0
351,2021,New Brunswick,Males,4,36100.0,,25500.0,32000.0,,4500.0,5400.0,19400.0,9300.0,36400.0,61500.0,4200.0,19700.0,32300.0,7300.0,4900.0,49400.0,57800.0,,,124200.0,3100.0,,,5500.0,,3400.0,
352,2021,Newfoundland and Labrador,Females,1,,,14600.0,12800.0,,2700.0,7000.0,,11800.0,,42300.0,9800.0,2800.0,29500.0,10700.0,10500.0,18800.0,33300.0,,3800.0,2800.0,10400.0,,,6200.0,,,
353,2021,Newfoundland and Labrador,Females,2,11800.0,,24600.0,9500.0,,7500.0,7900.0,2400.0,10000.0,6100.0,44600.0,8500.0,7100.0,29000.0,12500.0,9400.0,26300.0,36200.0,,,25200.0,7200.0,,,10000.0,500.0,,
354,2021,Newfoundland and Labrador,Females,3,30900.0,,25300.0,25800.0,,6800.0,8200.0,7000.0,10500.0,17800.0,56500.0,6600.0,9700.0,37600.0,9700.0,5400.0,40900.0,47500.0,,,33900.0,4200.0,,,6700.0,,1800.0,
355,2021,Newfoundland and Labrador,Females,4,36000.0,,17700.0,21800.0,,5200.0,6200.0,10500.0,3800.0,28600.0,50900.0,6100.0,10300.0,34900.0,6300.0,4100.0,42400.0,48800.0,,,101100.0,10200.0,,,1800.0,,1400.0,
356,2021,Newfoundland and Labrador,Males,1,,,18400.0,13500.0,,4600.0,8100.0,,18600.0,,42700.0,9600.0,,29000.0,8100.0,11400.0,20400.0,33600.0,,2700.0,3000.0,13400.0,,,8200.0,,,
357,2021,Newfoundland and Labrador,Males,2,8200.0,,19500.0,18400.0,,7200.0,8500.0,,15300.0,6000.0,40600.0,2300.0,6600.0,29100.0,5300.0,3000.0,29700.0,36600.0,,500.0,17200.0,5300.0,,500.0,19400.0,,,1400.0
358,2021,Newfoundland and Labrador,Males,3,24100.0,,32000.0,20400.0,,8000.0,8900.0,10900.0,22000.0,23800.0,55400.0,3300.0,11300.0,37700.0,10400.0,4200.0,40300.0,47300.0,,,23700.0,2400.0,,,11300.0,,2100.0,
359,2021,Newfoundland and Labrador,Males,4,26200.0,,17100.0,20800.0,,5300.0,6100.0,11700.0,9500.0,25000.0,43200.0,3500.0,12400.0,27900.0,4100.0,2300.0,33300.0,42600.0,,,90800.0,1900.0,,,3700.0,,1400.0,
360,2021,Nova Scotia,Females,1,,,26800.0,21800.0,,,7200.0,,24000.0,,90200.0,18800.0,10000.0,72800.0,18100.0,24700.0,51600.0,72400.0,,5500.0,6000.0,19700.0,,,7400.0,,,
361,2021,Nova Scotia,Females,2,13200.0,,43200.0,19100.0,,13100.0,16500.0,,16800.0,10500.0,86300.0,16200.0,6000.0,57000.0,28500.0,8300.0,53200.0,62800.0,1400.0,1200.0,41600.0,8800.0,700.0,1200.0,12400.0,1700.0,,1000.0
362,2021,Nova Scotia,Females,3,41100.0,,33000.0,41000.0,,19100.0,20300.0,12900.0,15400.0,26100.0,99500.0,16800.0,22100.0,54600.0,24100.0,15900.0,61000.0,78300.0,,,53200.0,5500.0,,,6800.0,,4100.0,
363,2021,Nova Scotia,Females,4,67200.0,,35400.0,35900.0,,7100.0,8200.0,17700.0,7800.0,55100.0,94800.0,11600.0,25900.0,51600.0,14900.0,7600.0,70900.0,84000.0,,,184000.0,11000.0,,,2400.0,,2700.0,
364,2021,Nova Scotia,Males,1,,,28300.0,29600.0,,,16500.0,,36300.0,,94200.0,10300.0,,71400.0,13800.0,14400.0,59800.0,69400.0,500.0,6000.0,5200.0,24500.0,,,9300.0,,,
365,2021,Nova Scotia,Males,2,9700.0,,36300.0,27600.0,,7800.0,9700.0,,23500.0,6100.0,73800.0,9800.0,9400.0,56500.0,18300.0,7100.0,46400.0,56100.0,500.0,600.0,30400.0,6000.0,600.0,1600.0,17000.0,,,1800.0
366,2021,Nova Scotia,Males,3,33600.0,,42900.0,41300.0,,22300.0,25500.0,13200.0,29700.0,38500.0,87100.0,11400.0,19000.0,52400.0,24200.0,14500.0,59200.0,74800.0,,,39000.0,3600.0,,,7900.0,,3300.0,
367,2021,Nova Scotia,Males,4,45200.0,,28900.0,39200.0,,6600.0,8800.0,17600.0,10600.0,48700.0,79300.0,4800.0,23700.0,39900.0,9600.0,4900.0,59200.0,72300.0,,,151400.0,2200.0,,,4800.0,,2800.0,
368,2021,Ontario,Females,1,43300.0,,360800.0,376800.0,,94800.0,167700.0,,270000.0,,1518400.0,305800.0,149900.0,1087500.0,414200.0,310300.0,699200.0,1026800.0,10800.0,120300.0,161100.0,426400.0,7000.0,4000.0,123200.0,5800.0,,15800.0
369,2021,Ontario,Females,2,125900.0,,441900.0,418000.0,,113500.0,153600.0,83900.0,178700.0,130400.0,1295700.0,189500.0,132000.0,884900.0,407600.0,227700.0,698800.0,967900.0,17000.0,19800.0,710000.0,298000.0,26800.0,14300.0,180100.0,38900.0,3600.0,34000.0
370,2021,Ontario,Females,3,424900.0,,423900.0,479700.0,,146600.0,189000.0,142000.0,223600.0,334700.0,1330300.0,173100.0,232700.0,844700.0,353300.0,175300.0,830200.0,1007100.0,1700.0,,610100.0,113500.0,7200.0,8400.0,60700.0,6400.0,40500.0,10000.0
371,2021,Ontario,Females,4,784300.0,,393000.0,410800.0,,97500.0,116300.0,229000.0,79100.0,641300.0,1148700.0,138800.0,285900.0,678100.0,177500.0,101700.0,845800.0,928900.0,,,2200200.0,243600.0,3100.0,,24200.0,,37100.0,
372,2021,Ontario,Males,1,64400.0,,350900.0,648100.0,,122800.0,223500.0,,415000.0,55400.0,1571800.0,196400.0,126100.0,1184600.0,346000.0,237000.0,900900.0,1095700.0,13000.0,112000.0,149000.0,522600.0,1600.0,1900.0,126100.0,,,15800.0
373,2021,Ontario,Males,2,102700.0,,484100.0,538900.0,,150200.0,246200.0,80800.0,298200.0,166900.0,1268500.0,112600.0,124100.0,867000.0,365800.0,170100.0,830500.0,925000.0,16700.0,11000.0,421000.0,137400.0,20600.0,14800.0,198600.0,13000.0,3400.0,34200.0
374,2021,Ontario,Males,3,295500.0,,475400.0,541400.0,,208500.0,267700.0,146700.0,286600.0,382200.0,1271700.0,119400.0,180500.0,850200.0,304200.0,140200.0,923100.0,979600.0,1700.0,,431600.0,40700.0,10200.0,5600.0,53800.0,,36700.0,11200.0
375,2021,Ontario,Males,4,463400.0,,296100.0,488800.0,,84400.0,109200.0,254100.0,105800.0,573600.0,980300.0,60900.0,265500.0,548800.0,126800.0,82700.0,748900.0,821000.0,,,1773800.0,70800.0,4800.0,4200.0,29900.0,,37200.0,5600.0
376,2021,Prince Edward Island,Females,1,,,5800.0,3500.0,,,,,4900.0,,16200.0,3000.0,,10300.0,3600.0,3900.0,7300.0,13100.0,,2000.0,700.0,2700.0,,,2400.0,,,
377,2021,Prince Edward Island,Females,2,2500.0,,4900.0,5500.0,,1400.0,1400.0,,1400.0,1400.0,13500.0,2800.0,2100.0,7100.0,2700.0,2200.0,7300.0,10500.0,,,5600.0,1700.0,,,3300.0,,,
378,2021,Prince Edward Island,Females,3,5900.0,,5500.0,6600.0,,2300.0,2500.0,1500.0,3600.0,2700.0,16200.0,2500.0,2800.0,10000.0,2900.0,2000.0,11200.0,12300.0,,,6600.0,800.0,,,1600.0,,700.0,
379,2021,Prince Edward Island,Females,4,8800.0,,6300.0,6300.0,,1500.0,1600.0,3200.0,800.0,8100.0,15300.0,1400.0,3100.0,7800.0,1500.0,1900.0,10800.0,13600.0,,,28000.0,1200.0,,,900.0,,400.0,
380,2021,Prince Edward Island,Males,1,,,5000.0,6300.0,,,3100.0,,5600.0,,16100.0,,,12500.0,,2000.0,9400.0,13600.0,,1500.0,1100.0,3000.0,,,2800.0,,,
381,2021,Prince Edward Island,Males,2,2200.0,,5200.0,4600.0,,1700.0,3200.0,,4700.0,,12300.0,,,9100.0,2500.0,,7300.0,10800.0,,400.0,3000.0,700.0,200.0,,4800.0,,,400.0
382,2021,Prince Edward Island,Males,3,3800.0,,6600.0,7400.0,,3400.0,3800.0,1400.0,3600.0,5200.0,15000.0,900.0,2900.0,7700.0,2600.0,1600.0,10800.0,12600.0,,,3500.0,,,,2000.0,,600.0,
383,2021,Prince Edward Island,Males,4,5100.0,,4600.0,5700.0,,2600.0,3100.0,4100.0,1100.0,6500.0,11500.0,,3600.0,6600.0,1400.0,1000.0,7600.0,11000.0,,,20100.0,,,,1600.0,,400.0,
384,2021,Quebec,Females,1,17100.0,,141900.0,184100.0,,55700.0,100100.0,,148500.0,,811600.0,73600.0,34700.0,589400.0,284500.0,100200.0,446600.0,549500.0,8100.0,71200.0,31600.0,143200.0,1600.0,,51800.0,,,7200.0
385,2021,Quebec,Females,2,95700.0,,215200.0,290300.0,,103600.0,122800.0,13800.0,169700.0,49900.0,766400.0,84400.0,54700.0,499600.0,319900.0,97700.0,493300.0,499300.0,5100.0,12500.0,272400.0,139000.0,7100.0,6800.0,79600.0,16100.0,,12200.0
386,2021,Quebec,Females,3,278600.0,,261500.0,283100.0,,147600.0,161500.0,65700.0,119400.0,192500.0,827500.0,61900.0,85900.0,520400.0,197500.0,48600.0,597600.0,544300.0,,,387700.0,82900.0,1500.0,3600.0,39800.0,1500.0,29400.0,4200.0
387,2021,Quebec,Females,4,468400.0,,233400.0,301900.0,,61300.0,77700.0,119500.0,52500.0,365400.0,796900.0,48400.0,132500.0,471200.0,79700.0,32900.0,618100.0,588200.0,,,1429100.0,186600.0,,,12200.0,,17600.0,
388,2021,Quebec,Males,1,,,197400.0,297600.0,,83800.0,129500.0,,185700.0,,847900.0,22200.0,38300.0,604500.0,179500.0,64800.0,574700.0,510200.0,12000.0,68800.0,44800.0,160400.0,,1800.0,72200.0,,,3800.0
389,2021,Quebec,Males,2,54400.0,,249700.0,356200.0,,83700.0,128500.0,47100.0,191100.0,60300.0,774600.0,54000.0,50200.0,535900.0,221600.0,91000.0,545800.0,522800.0,8500.0,15500.0,183400.0,79500.0,12800.0,10900.0,117400.0,2500.0,,13000.0
390,2021,Quebec,Males,3,194100.0,,308200.0,358300.0,,150900.0,183200.0,101500.0,190500.0,230500.0,803200.0,55700.0,94700.0,469100.0,165800.0,55700.0,563300.0,570700.0,,,273300.0,49100.0,1600.0,3800.0,44900.0,,19000.0,5800.0
391,2021,Quebec,Males,4,244600.0,,189500.0,339900.0,,46400.0,60600.0,179800.0,85500.0,297000.0,690100.0,24900.0,128300.0,423800.0,45500.0,30200.0,571700.0,514700.0,,,1209600.0,68300.0,3900.0,1500.0,31100.0,,29300.0,
392,2021,Saskatchewan,Females,1,,,27600.0,26700.0,,,7300.0,,24500.0,,109700.0,15300.0,6500.0,78100.0,23700.0,15900.0,54700.0,81100.0,,7100.0,7200.0,31500.0,,,6000.0,,,
393,2021,Saskatchewan,Females,2,10200.0,,36800.0,32600.0,,16200.0,19100.0,,21600.0,12700.0,99500.0,18200.0,11300.0,59600.0,25300.0,14500.0,54400.0,82200.0,800.0,1500.0,45000.0,17000.0,1300.0,1100.0,10600.0,3900.0,,
394,2021,Saskatchewan,Females,3,28400.0,,40600.0,29000.0,,12800.0,14200.0,10300.0,13200.0,24600.0,89500.0,14100.0,15600.0,57800.0,19500.0,11600.0,60200.0,71100.0,,,42200.0,3600.0,,,3800.0,,4400.0,
395,2021,Saskatchewan,Females,4,50900.0,,28200.0,34300.0,,7000.0,8200.0,14000.0,3200.0,43800.0,82300.0,8100.0,18400.0,48000.0,12500.0,8000.0,55200.0,76100.0,,,155000.0,11800.0,,,1700.0,,3600.0,
396,2021,Saskatchewan,Males,1,,,33300.0,35300.0,,9300.0,18200.0,,30200.0,,113400.0,16400.0,9800.0,80000.0,23200.0,20500.0,65700.0,81900.0,,7600.0,8900.0,30400.0,600.0,,8600.0,,,
397,2021,Saskatchewan,Males,2,10800.0,,42200.0,51500.0,,12000.0,16400.0,10000.0,28100.0,21500.0,104200.0,10700.0,9600.0,61800.0,23800.0,14300.0,64900.0,85400.0,1500.0,1900.0,24600.0,6600.0,600.0,500.0,15700.0,,,1000.0
398,2021,Saskatchewan,Males,3,23700.0,,40000.0,43000.0,,17500.0,20000.0,17500.0,20100.0,31000.0,91700.0,8800.0,15500.0,59200.0,23200.0,10500.0,59200.0,82900.0,,,31100.0,3300.0,,,6400.0,,3100.0,
399,2021,Saskatchewan,Males,4,35600.0,,29600.0,31600.0,,6200.0,10400.0,16700.0,7900.0,42400.0,70400.0,3300.0,20300.0,35600.0,10800.0,6200.0,53000.0,64800.0,,,122800.0,2200.0,,,3200.0,,4900.0,
